date;31/12/2002;31/01/2003;28/02/2003;31/03/2003;30/04/2003;30/05/2003;30/06/2003;31/07/2003;29/08/2003;30/09/2003;31/10/2003;28/11/2003;31/12/2003;30/01/2004;27/02/2004;31/03/2004;30/04/2004;31/05/2004;30/06/2004;30/07/2004;31/08/2004;30/09/2004;29/10/2004;30/11/2004;31/12/2004;31/01/2005;28/02/2005;31/03/2005;29/04/2005;31/05/2005;30/06/2005;29/07/2005;31/08/2005;30/09/2005;31/10/2005;30/11/2005;30/12/2005;31/01/2006;28/02/2006;31/03/2006;28/04/2006;31/05/2006;30/06/2006;31/07/2006;31/08/2006;29/09/2006;31/10/2006;30/11/2006;29/12/2006;31/01/2007;28/02/2007;30/03/2007;30/04/2007;31/05/2007;29/06/2007;31/07/2007;31/08/2007;28/09/2007;31/10/2007;30/11/2007;31/12/2007;31/01/2008;29/02/2008;31/03/2008;30/04/2008;30/05/2008;30/06/2008;31/07/2008;29/08/2008;30/09/2008;31/10/2008;28/11/2008;31/12/2008;30/01/2009;27/02/2009;31/03/2009;30/04/2009;29/05/2009;30/06/2009;31/07/2009;31/08/2009;30/09/2009;30/10/2009;30/11/2009;31/12/2009;29/01/2010;26/02/2010;31/03/2010;30/04/2010;31/05/2010;30/06/2010;30/07/2010;31/08/2010;30/09/2010;29/10/2010;30/11/2010;31/12/2010;31/01/2011;28/02/2011;31/03/2011;29/04/2011;31/05/2011;30/06/2011;29/07/2011;31/08/2011;30/09/2011;31/10/2011;30/11/2011;30/12/2011;31/01/2012;29/02/2012;30/03/2012;30/04/2012;31/05/2012;29/06/2012;31/07/2012;31/08/2012;28/09/2012;31/10/2012;30/11/2012;31/12/2012;31/01/2013;28/02/2013;29/03/2013;30/04/2013;31/05/2013;28/06/2013;31/07/2013;30/08/2013;30/09/2013;31/10/2013;29/11/2013;31/12/2013;31/01/2014;28/02/2014;31/03/2014;30/04/2014;30/05/2014;30/06/2014;31/07/2014;29/08/2014;30/09/2014;31/10/2014;28/11/2014;31/12/2014;30/01/2015;27/02/2015;31/03/2015;30/04/2015;29/05/2015;30/06/2015;31/07/2015;31/08/2015;30/09/2015;30/10/2015;30/11/2015;31/12/2015;29/01/2016;29/02/2016;31/03/2016;29/04/2016;31/05/2016;30/06/2016;29/07/2016;31/08/2016;30/09/2016;31/10/2016;30/11/2016;30/12/2016;31/01/2017;28/02/2017;31/03/2017;28/04/2017;31/05/2017;30/06/2017;31/07/2017;31/08/2017;29/09/2017;31/10/2017;30/11/2017;29/12/2017;31/01/2018;28/02/2018;30/03/2018;30/04/2018;31/05/2018;29/06/2018;31/07/2018;31/08/2018;28/09/2018;31/10/2018;30/11/2018;31/12/2018;31/01/2019;28/02/2019;29/03/2019;30/04/2019;31/05/2019;28/06/2019;31/07/2019;30/08/2019;30/09/2019;31/10/2019;29/11/2019;31/12/2019;31/01/2020;28/02/2020;31/03/2020;30/04/2020;29/05/2020;30/06/2020;31/07/2020;31/08/2020;30/09/2020;30/10/2020;30/11/2020;31/12/2020;31/01/2021;28/02/2021;31/03/2021;30/04/2021;31/05/2021;30/06/2021;31/07/2021;31/08/2021;30/09/2021;31/10/2021;30/11/2021;31/12/2021;
daily performance;-0.000795186;-0.002324655;-0.003182111;0.002000497;0.00204549;0.00196144;0.001170525;-0.000585898;0.000809687;0.000622396;0.000317366;0.000334346;0.001897155;0.002042615;0.000876949;-0.000707639;-0.000132274;0;0.001280352;-0.000774435;8.75E-05;0.001023462;0.000152708;0.002038721;0.001089435;-0.000837558;0.000941059;-0.000485895;-0.001162278;0.001734742;0.000803956;0.001084459;-0.000404036;0.000472857;-0.000829235;0.001996841;0.000650946;0.000437428;0.000259601;0.000611395;0.000363603;-0.00046163;0.000234724;0.000862007;0.001384949;0.001296005;0.001514985;0.001021529;0.000849583;0.000453293;-0.000749398;-0.000627961;0.0024127;0.001535929;-4.97E-05;-0.001011649;-0.00171449;0.003042221;0.000491951;-0.001214463;0.000575861;-0.002445525;-0.000172124;-0.000778384;0.002989648;0.000903256;-0.003245098;-0.001222898;0.001320174;-0.0044139;-0.006684452;0.000146564;0.001061254;-0.000649321;-0.004287367;-0.001286165;0.004173559;0.002287126;0.001809279;0.002881496;0.003170374;0.002678921;0.000310369;0.000183759;0.000590552;-0.000831808;-0.000891397;0.002434865;0.001278191;0;-0.002757075;-0.000231062;-0.000526387;0.00160838;0.001832126;0.000547331;0.002281069;0.001239837;0.000978019;5.75E-05;0.002685208;0.000492027;-0.000439658;0.001112979;-0.002661856;-0.00062876;0.001951312;2.54E-05;0.000394436;0.002801345;0.002272632;0.001741182;0.000252155;-0.001603031;0.000288489;0.001126807;0.000669761;0.001051787;-0.001022984;-0.000428872;0.001110446;0.002009002;0.001185033;0;0.000887958;0.002260168;-0.0007447;0.001002436;-0.000904432;0.000683974;0.000919023;0.001924397;0.001074814;0.000278292;0.00036223;0.000615067;0.000517543;0.001453046;0.001707579;0.000699384;0.000776585;0.000567588;-0.000107592;0.003641475;0.000751206;0.000652069;0.00160672;-2.03E-05;0.000659162;0.000448655;-0.000786934;0.000409034;-0.002064996;-0.003302169;0.001878646;0.001344592;0.000378457;-0.001900954;0.001161817;0.002921896;0.00090185;0.000411664;0.000580714;0.001637772;0.000364868;-0.000278821;-3.23E-05;0.00141069;0.001270867;0.000546387;0.001583683;0.000463962;0.000196694;0.001290925;0.000961169;0.000630747;2.84E-05;0.000690553;0.001186799;0.001127328;0.001447505;0.002246203;-0.000194219;0;-0.000851326;0.000466094;9.63E-05;0.000411634;0.001376506;0.001283564;-0.002394867;-0.000610596;-0.002707559;0.001113451;0.002826169;0.001037448;0.001556111;-0.001002277;0.000982594;0.00153825;-0.000461439;0.001398773;0.000582135;0.001940923;0.001499;0.001216744;-0.002924022;-0.007395801;0.005277545;0.003017887;0.002247847;0.001622555;0.003114715;-0.00028174;-0.000234051;0.00148362;0.001453435;0;0;5.31E-05;0.002053946;0;0.001284281;0;0.001912051;-0.000704234;0;0.001136699;0.000651824;-0.001990973
daily volatility (variance);0.000152721;0.000185043;0.000164146;0.000240967;0.00017561;0.00010514;0.0001035;9.09E-05;5.56E-05;6.51E-05;7.41E-05;5.00E-05;3.74E-05;4.04E-05;3.76E-05;6.36E-05;6.17E-05;0;3.37E-05;2.81E-05;5.94E-05;2.97E-05;5.36E-05;4.44E-05;2.95E-05;3.43E-05;4.27E-05;4.37E-05;7.12E-05;6.19E-05;2.35E-05;3.38E-05;2.98E-05;3.06E-05;6.59E-05;5.25E-05;2.27E-05;3.98E-05;3.85E-05;2.53E-05;2.78E-05;4.49E-05;8.44E-05;7.07E-05;2.80E-05;1.76E-05;1.93E-05;2.31E-05;2.14E-05;2.06E-05;6.13E-05;9.52E-05;3.35E-05;3.00E-05;5.73E-05;9.44E-05;0.000222447;0.000127869;5.92E-05;0.000215005;0.00015708;0.000179398;0.000178895;0.000240462;0.000150544;6.92E-05;0.000124436;0.000209039;0.000184426;0.000834459;0.002314816;0.001984458;0.001271847;0.000455816;0.000571059;0.000858351;0.000581914;0.000337918;0.000168714;0.00017477;8.96E-05;7.94E-05;0.00014077;0.000136659;5.44E-05;7.87E-05;0.000128859;2.63E-05;6.42E-05;0;0.000274629;0.000163765;0.000114384;0.00011205;5.99E-05;7.16E-05;4.97E-05;3.07E-05;6.03E-05;0.000100623;3.39E-05;4.68E-05;8.51E-05;9.15E-05;0.000624798;0.000307743;0.000362664;0.00034013;0.000213856;6.53E-05;2.59E-05;3.82E-05;6.44E-05;5.70E-05;0.000127902;9.90E-05;4.83E-05;3.98E-05;3.68E-05;7.90E-05;5.50E-05;5.21E-05;4.33E-05;0;6.13E-05;3.86E-05;8.74E-05;5.45E-05;2.93E-05;3.50E-05;5.25E-05;2.61E-05;2.79E-05;5.46E-05;6.98E-05;3.36E-05;5.10E-05;2.21E-05;1.46E-05;3.40E-05;3.35E-05;2.71E-05;0.000114155;3.14E-05;6.95E-05;0.000114419;6.48E-05;6.07E-05;4.09E-05;4.47E-05;4.28E-05;5.74E-05;0.000212795;0.000322078;9.01E-05;5.89E-05;0.000107756;0.000188214;0.000162685;5.62E-05;3.20E-05;3.77E-05;9.92E-05;9.87E-05;1.07E-05;5.81E-05;2.82E-05;3.42E-05;2.19E-05;1.51E-05;1.20E-05;2.05E-05;2.07E-05;2.33E-05;1.90E-05;2.03E-05;2.65E-05;1.40E-05;1.01E-05;1.77E-05;1.69E-05;2.63E-05;0.000205979;0;0.00017157;4.97E-05;3.70E-05;3.68E-05;2.26E-05;1.38E-05;0.000157859;0.000170392;0.000288961;0.000253454;4.58E-05;4.19E-05;3.04E-05;6.37E-05;5.84E-05;2.94E-05;0.000158278;6.45E-05;5.95E-05;1.38E-05;2.00E-05;4.31E-05;0.000182468;0.002585043;0.001066313;0.000251377;0.000251202;0.000117988;4.57E-05;0.000187689;0.000178441;0.00016489;3.78E-05;0;0;0.000121047;4.83E-05;0;2.78E-05;0;2.56E-05;5.44E-05;0;5.01E-05;0.000112636;0.000124599
daily volatility (deviation);0.012358034;0.013603051;0.012811948;0.015523112;0.013251792;0.01025378;0.010173495;0.009534149;0.007456541;0.008068457;0.008608136;0.007071068;0.006115554;0.006356099;0.006131884;0.007974961;0.007854935;0;0.00580517;0.005300943;0.00770714;0.005449771;0.007321202;0.006663332;0.00543139;0.00585662;0.006534524;0.006610598;0.008438009;0.007867655;0.00484768;0.005813777;0.005458938;0.005531727;0.008117881;0.007245688;0.004764452;0.006308724;0.006204837;0.005029911;0.005272571;0.006700746;0.009186947;0.008408329;0.005291503;0.004195235;0.004393177;0.004806246;0.004626013;0.004538722;0.007829432;0.009757049;0.005787918;0.005477226;0.007569676;0.009715966;0.014914657;0.011307918;0.007694154;0.014663049;0.012533156;0.013393954;0.013375164;0.015506837;0.012269637;0.008318654;0.011155089;0.014458181;0.013580353;0.028887004;0.048112535;0.044547256;0.035662964;0.021349848;0.023896841;0.029297628;0.024122894;0.018382546;0.012988995;0.013220061;0.009465728;0.008910668;0.011864653;0.011690124;0.007375636;0.008871302;0.011351608;0.005128353;0.00801249;0;0.016571934;0.01279707;0.010695046;0.010585367;0.007739509;0.008461678;0.007049823;0.005540758;0.007765307;0.010031102;0.005822371;0.006841053;0.009224966;0.009565563;0.02499596;0.017542605;0.019043739;0.018442614;0.014623816;0.008080842;0.005089204;0.006180615;0.008024961;0.007549834;0.011309377;0.009949874;0.00694982;0.006308724;0.0060663;0.008888194;0.007416198;0.007218033;0.006580274;0;0.007829432;0.00621289;0.009348797;0.007382412;0.005412947;0.00591608;0.007245688;0.005108816;0.005282045;0.007389181;0.008354639;0.005796551;0.007141428;0.004701064;0.003820995;0.005830952;0.005787918;0.005205766;0.010684334;0.00560357;0.008336666;0.010696682;0.008049845;0.00779102;0.006395311;0.006685806;0.006542171;0.007576279;0.014587495;0.017946532;0.009492102;0.007674634;0.010380559;0.013719111;0.012754803;0.007496666;0.005656854;0.006140033;0.00995992;0.009934787;0.003271085;0.007622336;0.005310367;0.005848077;0.004679744;0.003885872;0.003464102;0.004527693;0.004549725;0.004827007;0.004358899;0.004505552;0.005147815;0.003741657;0.00317805;0.004207137;0.004110961;0.005128353;0.014351969;0;0.013098473;0.007049823;0.006082763;0.0060663;0.004753946;0.003714835;0.012564195;0.013053429;0.016998853;0.015920239;0.00676757;0.006473021;0.00551362;0.007981228;0.007641989;0.005422177;0.012580858;0.008031189;0.007713624;0.003714835;0.004472136;0.006565059;0.013508072;0.050843318;0.032654448;0.015854873;0.015849353;0.010862228;0.006760178;0.013699964;0.013358181;0.01284095;0.00614817;0;0;0.011002136;0.00694982;0;0.005272571;0;0.005059644;0.007375636;0;0.007078135;0.010613011;0.011162392
montly performance;-0.024358975;-0.063088178;-0.094078585;0.061788718;0.063219996;0.062628004;0.036930645;-0.016852412;0.026237811;0.01947549;0.008924421;0.011092659;0.05850839;0.058798616;0.029349065;-0.021012773;-0.004092356;0;0.039132255;-0.024486733;0.002629392;0.030109623;0.004898256;0.065171705;0.034330225;-0.023188382;0.029588385;-0.013995512;-0.036530581;0.053372779;0.023579041;0.036415115;-0.012050337;0.014763021;-0.024580232;0.061672502;0.021041807;0.012320593;0.008079042;0.017261099;0.012068962;-0.013756605;0.007302113;0.027070638;0.040952058;0.042316143;0.046462205;0.030051928;0.028420711;0.01277018;-0.022239347;-0.019284545;0.077564724;0.045513106;-0.001590113;-0.030889849;-0.046910941;0.105437171;0.0148643;-0.03697051;0.018006769;-0.068544715;-0.005322079;-0.023089876;0.093688178;0.028383655;-0.09585145;-0.034863513;0.043121532;-0.128146407;-0.171213761;0.004847969;0.03233244;-0.018022502;-0.128457548;-0.037873942;0.128378143;0.075842926;0.057636772;0.093297013;0.099615714;0.083568942;0.009666369;0.005712265;0.017268366;-0.023030961;-0.029000389;0.075684451;0.040393083;0;-0.079489144;-0.007367562;-0.015671654;0.047708661;0.060323856;0.017107299;0.073186862;0.035302794;0.030767593;0.001669649;0.089600912;0.014866609;-0.012671924;0.037389931;-0.076848718;-0.019308831;0.060226237;0.00076243;0.012699415;0.084506905;0.070474056;0.055410415;0.007846432;-0.045459494;0.009273039;0.035527893;0.018923849;0.03529948;-0.03023861;-0.013209847;0.035003422;0.057804611;0.034942218;0;0.027896513;0.06525402;-0.024284533;0.03051433;-0.027660328;0.021422191;0.026997429;0.063453406;0.033862052;0.007821508;0.011290351;0.018617527;0.015643376;0.046040123;0.054313451;0.020481977;0.025152171;0.017745848;-0.003008192;0.127440932;0.022783374;0.018419561;0.052716293;-0.000608979;0.019293153;0.014457266;-0.024109176;0.01275816;-0.060130212;-0.09446468;0.059909365;0.042534058;0.011033617;-0.057279723;0.036651091;0.088294097;0.029266272;0.012423915;0.016978351;0.055486984;0.011004161;-0.008607409;-0.000969078;0.043197874;0.041479116;0.015412223;0.050278455;0.013072646;0.006511362;0.039461494;0.030229849;0.019739292;0.000823331;0.02233585;0.036223506;0.033213772;0.048890691;0.064838504;-0.005810201;0;-0.026056848;0.01360531;0.003087728;0.012839774;0.039267009;0.043239145;-0.069405987;-0.018756135;-0.080613031;0.031649822;0.085285729;0.033737758;0.04938254;-0.027687316;0.032940596;0.047191721;-0.014206033;0.044284192;0.017020239;0.064014843;0.047529168;0.034634408;-0.089449361;-0.199643933;0.164912941;0.101229134;0.072084677;0.05154281;0.097786874;-0.008417753;-0.007230164;0.047030571;0.046052732;0;0;0.001592958;0.065673535;0;0.040589292;0;0.058980621;-0.021602202;0;0.035845135;0.020405363;
montly volatility;0.004734351;0.005181204;0.005088526;0.00722901;0.0052683;0.00325934;0.0032085;0.0026361;0.0017792;0.0020181;0.0020748;0.00165;0.001122;0.0011312;0.0012408;0.001908;0.0019127;0;0.001011;0.0008992;0.001782;0.0008613;0.0017152;0.0013764;0.0009145;0.0009604;0.0013237;0.0012673;0.0022784;0.001857;0.0006815;0.0011154;0.000894;0.0009486;0.001977;0.001575;0.0007264;0.0011144;0.0011935;0.0007084;0.0009174;0.001347;0.0026164;0.0021917;0.000812;0.0005632;0.000579;0.0006699;0.0007062;0.0005768;0.001839;0.0029512;0.0010385;0.00087;0.0018336;0.0029264;0.006228516;0.004219677;0.001776;0.006665155;0.00486948;0.005202542;0.005545745;0.00721386;0.00451632;0.0021452;0.003857516;0.006062131;0.005901632;0.025868229;0.064814848;0.065487114;0.03815541;0.012762848;0.018273888;0.02575053;0.016875506;0.010813376;0.005230134;0.00541787;0.002688;0.002382;0.00436387;0.004236429;0.0015776;0.0022036;0.004252347;0.000789;0.0019902;0;0.00823887;0.00524048;0.00343152;0.00324945;0.0019168;0.0022196;0.0015407;0.0008596;0.0018693;0.002918067;0.0010848;0.001404;0.0024679;0.0030195;0.01874394;0.009540033;0.01087992;0.0102039;0.006843392;0.0018937;0.000777;0.0011842;0.0019964;0.001653;0.004092864;0.003069;0.0013524;0.0013134;0.001104;0.002449;0.001705;0.0014588;0.0012557;0;0.0019003;0.0010808;0.0028842;0.001635;0.0009083;0.001085;0.0015225;0.0008352;0.0008649;0.0015288;0.0021638;0.001008;0.00153;0.0006851;0.0004526;0.000986;0.001072;0.0008401;0.00319634;0.0010362;0.002085;0.003203732;0.0020736;0.001821;0.0011861;0.0014304;0.0013268;0.0017794;0.00638385;0.00966234;0.0027931;0.0018259;0.003124924;0.005834634;0.005043235;0.0016298;0.001024;0.001131;0.0028768;0.0032571;0.000321;0.0018011;0.000846;0.001026;0.0007008;0.0004228;0.000372;0.000574;0.0006831;0.000699;0.000589;0.0006293;0.0007685;0.000448;0.000303;0.0005133;0.0005577;0.0007364;0.00617937;0;0.00531867;0.0014413;0.001184;0.0011408;0.0006328;0.0004554;0.00473577;0.005282152;0.008957791;0.007096712;0.0013282;0.0013408;0.0009424;0.0017836;0.0019272;0.000882;0.004906618;0.0019995;0.0017255;0.0004416;0.00062;0.0012068;0.005838976;0.07755129;0.030923077;0.008044064;0.007787262;0.003657628;0.001371;0.00563067;0.005531671;0.00511159;0.0011718;0;0;0.00363141;0.0014973;0;0.0008618;0;0.000768;0.0016864;0;0.0015531;0.003491716;
monthly volatility (deviation);0.06880662;0.071980581;0.071333905;0.085023585;0.072583056;0.05709063;0.056643623;0.051342964;0.042180564;0.044923268;0.045549973;0.040620192;0.033496268;0.033633317;0.035224991;0.043680659;0.043734426;0;0.031796226;0.029986664;0.042213742;0.029347913;0.041414973;0.037099865;0.030240701;0.030990321;0.036382688;0.035599157;0.047732588;0.043092923;0.026105555;0.033397605;0.029899833;0.030799351;0.044463468;0.03968627;0.026951809;0.03338263;0.034547069;0.026615785;0.030288612;0.036701499;0.051150758;0.046815596;0.028495614;0.023731835;0.024062419;0.025882426;0.026574424;0.024016661;0.042883563;0.054324948;0.032225766;0.029495762;0.042820556;0.054096211;0.078920948;0.064959041;0.042142615;0.081640401;0.069781659;0.072128649;0.074469759;0.084934445;0.067203571;0.046316304;0.062108904;0.077859688;0.07682208;0.160836031;0.254587604;0.255904502;0.195334098;0.112972775;0.135180945;0.160469717;0.129905758;0.103987384;0.072319665;0.073606182;0.051845926;0.048805737;0.066059594;0.065087856;0.039719013;0.046942518;0.065210022;0.028089144;0.044611658;0;0.090768221;0.07239116;0.058579177;0.057003947;0.043781275;0.047112631;0.039251752;0.029318936;0.043235402;0.054019135;0.032936302;0.037469988;0.049677963;0.054949977;0.13690851;0.097673093;0.104306855;0.101014355;0.082724797;0.043516663;0.02787472;0.034412207;0.044681092;0.040657103;0.063975495;0.055398556;0.036774992;0.036240861;0.033226495;0.049487372;0.041291646;0.03819424;0.035435858;0;0.043592431;0.032875523;0.053704748;0.040435133;0.030138016;0.032939338;0.039019226;0.028899827;0.029409182;0.039099872;0.046516664;0.031749016;0.039115214;0.026174415;0.021274398;0.031400637;0.032741411;0.028984479;0.056536183;0.032190061;0.0456618;0.056601519;0.045536798;0.042673177;0.034439803;0.037820629;0.036425266;0.042182935;0.079898999;0.098297202;0.052849787;0.042730551;0.05590102;0.076384776;0.071015738;0.040370782;0.032;0.033630343;0.053635809;0.057071008;0.017916473;0.042439369;0.029086079;0.032031235;0.026472627;0.020562101;0.019287302;0.023958297;0.026136182;0.026438608;0.024269322;0.025085853;0.027721833;0.02116601;0.017406895;0.022656125;0.023615673;0.027136691;0.078608969;0;0.072929212;0.037964457;0.034409301;0.033775731;0.025155516;0.021340103;0.068816931;0.072678415;0.094645607;0.084241985;0.036444478;0.036616936;0.030698534;0.042232689;0.043899886;0.029698485;0.070047255;0.044715769;0.041539138;0.021014281;0.024899799;0.034739027;0.076413193;0.278480322;0.175849586;0.089688706;0.088245464;0.060478327;0.037027017;0.07503779;0.074375204;0.071495384;0.034231564;0;0;0.060261182;0.038694961;0;0.02935643;0;0.027712813;0.041065801;0;0.03940939;0.059090744;
portfolio value;0.975641025;0.914089611;0.828093354;0.879260181;0.934847006;0.993394608;1.030081312;1.012721957;1.039293565;1.059534317;1.068990047;1.080847989;1.144086665;1.211357377;1.246909583;1.220708555;1.215712981;1.215712981;1.263286571;1.232352811;1.235593149;1.272796393;1.279030875;1.362387497;1.409158567;1.376482459;1.417210352;1.397375767;1.346328818;1.418186128;1.451625597;1.50448671;1.486357138;1.50830026;1.47122589;1.561960072;1.594826534;1.614475742;1.627519159;1.655611929;1.675593446;1.652542969;1.664610024;1.70967208;1.779686671;1.854996147;1.941183358;1.99951966;2.056347429;2.082607356;2.036291528;1.997022573;2.151921079;2.249861691;2.246284156;2.176896777;2.074776501;2.293535065;2.327626858;2.241573305;2.281936797;2.12552209;2.114209894;2.06539305;2.258895961;2.323011685;2.100347646;2.027122147;2.11453476;1.843564728;1.527921078;1.535328392;1.584969306;1.556404193;1.356472327;1.305097374;1.472643351;1.584332931;1.675648767;1.831981791;2.014475965;2.182823589;2.203923566;2.216512961;2.254788519;2.202858572;2.138974817;2.300861953;2.39380086;2.39380086;2.20351968;2.187285112;2.153006736;2.255723805;2.391797762;2.432714962;2.610757735;2.702924778;2.786087267;2.790739056;3.040791822;3.085998086;3.046892552;3.160815654;2.917911023;2.861569571;3.033911138;3.036224284;3.074782556;3.334622914;3.569627317;3.76742185;3.796982668;3.624373757;3.657982718;3.787943138;3.859625601;3.995868377;3.87503887;3.823850201;3.957698043;4.186471239;4.33275583;4.33275583;4.45362461;4.744241521;4.62902983;4.770281575;4.63833402;4.737697299;4.865602944;5.174342022;5.349555859;5.391397452;5.452268223;5.553775974;5.640655781;5.900352267;6.220820763;6.34823547;6.507907373;6.623395709;6.603471265;7.445023796;7.614646559;7.754905002;8.163714846;8.158743316;8.316151201;8.436380008;8.232985838;8.338023591;7.836656461;7.096369218;7.521508193;7.841428459;7.927947776;7.473837127;7.747761414;8.431843012;8.678611624;8.786433959;8.935613116;9.431423335;9.535208233;9.453134795;9.443973971;9.851933564;10.26058306;10.41872146;10.94255868;11.08560687;11.15778926;11.59809229;11.94870087;12.18455977;12.19459169;12.46696826;12.91856556;13.34763985;14.00021518;14.90796819;14.82134989;14.82134989;14.43515222;14.63154695;14.67672519;14.86517102;15.44888183;16.11687827;14.99827042;14.71696083;13.53058201;13.95882252;15.14931087;15.66041466;16.43376572;15.97875886;16.5051087;17.28401319;17.03847593;17.79301107;18.09585237;19.25425551;20.16939425;20.86794929;19.00132455;15.20782539;17.7157926;19.50914694;20.9154575;21.99349894;24.14417444;23.94093475;23.76783785;24.88565285;26.03170514;26.03170514;26.03170514;26.07317254;27.78548994;27.78548994;28.91328331;28.91328331;30.6186067;29.95717737;29.95717737;31.03099645;31.66419519;
VaR;-0.137201832;-0.181136331;-0.211066189;-0.077649961;-0.055816216;-0.031000629;-0.055964897;-0.101054873;-0.042938314;-0.05419867;-0.065777535;-0.055524456;0.00357451;0.003639976;-0.02841992;-0.092649054;-0.075816815;0;-0.013013556;-0.073664862;-0.066601145;-0.018020954;-0.0630223;0.004327926;-0.015264525;-0.074012508;-0.030079223;-0.072378129;-0.114812025;-0.017299615;-0.019234069;-0.018356957;-0.061086063;-0.035747915;-0.09750032;-0.003412981;-0.02315916;-0.04242692;-0.048578151;-0.026388788;-0.037604362;-0.073947063;-0.07658513;-0.049706939;-0.005780749;0.003395934;0.006999838;-0.012395251;-0.015161344;-0.026617144;-0.09256839;-0.10837746;0.024714468;-0.002859944;-0.071815825;-0.119607635;-0.176341296;-0.001095656;-0.054249589;-0.170860768;-0.096435152;-0.186835699;-0.127452484;-0.162382366;-0.016525678;-0.047575084;-0.197710053;-0.162553401;-0.082866679;-0.391917498;-0.588737432;-0.414835414;-0.288015481;-0.203297853;-0.350154298;-0.301044278;-0.0846673;-0.094696384;-0.060967479;-0.027417125;0.014588395;0.003527533;-0.098671365;-0.101031819;-0.047870815;-0.100016691;-0.135944825;0.029618255;-0.032770036;0;-0.228349026;-0.126089064;-0.111741504;-0.045777812;-0.011477435;-0.060157416;0.008813989;-0.012780261;-0.040138466;-0.086921732;0.035585377;-0.046584171;-0.094143783;-0.052728031;-0.301378674;-0.179492704;-0.110837005;-0.164901112;-0.122969252;0.013139578;0.024759515;-0.001025604;-0.065430559;-0.112137143;-0.095646773;-0.055325739;-0.041387138;-0.024135532;-0.084730062;-0.094369137;-0.032714877;-0.004833943;-0.023172589;0;-0.043595074;0.011338162;-0.11236032;-0.035799288;-0.077086674;-0.032598323;-0.036994102;0.01605769;-0.014369006;-0.056302282;-0.064996978;-0.033450859;-0.048505575;0.003114082;0.019423438;-0.031015068;-0.028543743;-0.029788698;-0.095727532;0.074649232;-0.052101978;-0.07440693;-0.021964056;-0.070592989;-0.037188124;-0.047568566;-0.083846612;-0.056421853;-0.19116457;-0.255672091;-0.026764286;-0.027544046;-0.080644056;-0.182550756;-0.079814719;0.022086015;-0.023213728;-0.042729848;-0.070984376;-0.038109469;-0.018378855;-0.078207974;-0.048670248;-0.009333351;-0.001935992;-0.018309623;0.01864728;-0.026218961;-0.036351976;-0.003897823;-0.009571839;-0.021401507;-0.044640475;-0.012376406;0.007676198;-0.003942273;0.010160987;0.020334331;-0.13472891;0;-0.145660756;-0.048656399;-0.053343526;-0.042552425;-0.001988037;0.008241376;-0.182265754;-0.137948736;-0.235831826;-0.106507033;0.025516785;-0.026314017;-0.000963056;-0.096948926;-0.039055217;-0.001513794;-0.129083531;-0.029049669;-0.051103947;0.029551422;0.006693498;-0.022337596;-0.214766998;-0.656351661;-0.12348038;-0.045860344;-0.072637884;-0.047641646;0.037062566;-0.131479729;-0.129205499;-0.070221859;-0.010087033;0;0;-0.09723538;0.002213799;0;-0.007555253;0;0.013531608;-0.088950116;0;-0.028786265;-0.076503457;
;;0.241601515;;;;;;;;;;;;0.203127791;;;;;;;;;;;;;0.182375518;;;;;;;;;;;0.305851961;;;;;;;;;;;;0.033639579;;;;;;;;;;;;-0.317945968;;;;;;;;;;;;0.38984305;;;;;;;;;;;;0.198748687;;;;;;;;;;;;0.277262485;;;;;;;;;;;;0.36155034;;;;;;;;;;;;0.362255886;;;;;;;;;;;;0.449635298;;;;;;;;;;;;-0.01849192;;;;;;;;;;;;0.314176348;;;;;;;;;;;;0.452935776;;;;;;;;;;;;-0.002956572;;;;;;;;;;;;0.54228024;;;;;;;;;;;;0.290653792;;;;;;;;;;;;0.216370386;;;;;;;;;;;;
CVaR;-0.16493778;-0.210151703;;;;;;;;;;;;;;;;;;;;;;;;;;;;;;;;;;;;;;;;;;;;;;;;;;;;;;;;;;;;;;;;;;;;;;;;;;;;;;;;;;;;;;;;;;;;;;;;;;;;;;;;;;;;;;;;;;;;;;;;;;;;;;;;;;;;;;;;;;;;;;;;;;;;;;;;;;;;;;;;;;;;;;;;;;;;;;;;;;;;;;;;;;;;;;;;;;;;;;;;;;;;;;;;;;;;;;;;;;;;;;;;;;;;
Sharpe;-0.354020805;-0.876461083;-1.318848099;0.726724449;0.871002125;1.096992694;0.651982395;-0.32823216;0.622035566;0.433527899;0.195925934;0.273082387;1.746713694;1.748225309;0.833188715;-0.481054395;-0.093572876;;1.230720118;-0.816587434;0.062287584;1.025954486;0.118272587;1.756656123;1.135232447;-0.748245944;0.813254507;-0.393141669;-0.765317418;1.23855091;0.903219296;1.09035109;-0.403023555;0.479328964;-0.552818597;1.554000968;0.780719654;0.369071969;0.233856076;0.648528646;0.398465337;-0.374824064;0.142756692;0.578239739;1.437135483;1.783096124;1.930903331;1.161093941;1.069476087;0.531721708;-0.518598396;-0.354985061;2.406916379;1.543038827;-0.037134338;-0.571016868;-0.594404175;1.623133122;0.35271423;-0.452845767;0.258044438;-0.950311921;-0.071466312;-0.271855264;1.394095233;0.612822107;-1.543280332;-0.447773603;0.561316903;-0.796751861;-0.67251413;0.018944446;0.165523789;-0.159529603;-0.950263722;-0.236019248;0.988240591;0.729347379;0.796972331;1.267515995;1.921379782;1.712277022;0.146328011;0.087762378;0.43476322;-0.490620486;-0.444722883;2.694437787;0.905437834;;-0.8757376;-0.101774333;-0.267529433;0.836936098;1.377846031;0.363114915;1.864550199;1.204095333;0.711629627;0.030908473;2.720430241;0.396760442;-0.255081393;0.68043579;-0.561314399;-0.197688334;0.577394813;0.007547739;0.153514006;1.941943595;2.528242651;1.610196492;0.175609674;-1.11811936;0.144946733;0.641314423;0.514584721;0.97402432;-0.910075228;-0.266933694;0.847711956;1.513437916;0.986069478;;0.639939374;1.984881579;-0.452185959;0.754648934;-0.917788616;0.650352809;0.69190068;2.195632728;1.151410876;0.200039223;0.242716266;0.586396977;0.399930728;1.758974288;2.552995906;0.652279029;0.768206691;0.612253475;-0.053208261;3.959014927;0.498959174;0.325425206;1.157663589;-0.014270768;0.560199285;0.38225874;-0.661880575;0.302448372;-0.752577789;-0.961010874;1.133578173;0.99540158;0.19737774;-0.749884021;0.51609815;2.187079185;0.914571;0.369425759;0.3165488;0.972244682;0.614192369;-0.202816611;-0.033317588;1.348617186;1.566868146;0.749545146;2.606816391;0.545641704;0.249132104;1.492570789;1.245599238;0.786869476;0.029699732;1.055269746;2.080986069;1.465995266;2.070264565;2.389329782;-0.073912698;;-0.357289587;0.358369672;0.089735272;0.380147923;1.560970127;2.026191954;-1.008559754;-0.258070226;-0.85173558;0.375701285;2.340155044;0.921370319;1.608628607;-0.655589702;0.75035721;1.589027891;-0.20280642;0.990348438;0.409739822;3.046254259;1.908817336;0.99698843;-1.170601011;-0.716904992;0.93780682;1.128672031;0.816865522;0.852252576;2.640960086;-0.112180183;-0.097212022;0.657812692;1.345329474;;;0.026434231;1.697211557;;1.382637194;;2.128279832;-0.526038735;;0.90955823;0.345322492;
;;;;;;;;;;;;;;;;;;;;;;;;;;;;;;;;;;;;;;;;;;;;;;;;;;;;;;;;;;;;;;;;;;;;;;;;;;;;;;;;;;;;;;;;;;;;;;;;;;;;;;;;;;;;;;;;;;;;;;;;;;;;;;;;;;;;;;;;;;;;;;;;;;;;;;;;;;;;;;;;;;;;;;;;;;;;;;;;;;;;;;;;;;;;;;;;;;;;;;;;;;;;;;;;;;;;;;;;;;;;;;;;;;;;;;
;;;;;;;;;;;;;;;;;;;;;;;;;;;;;;;;;;;;;;;;;;;;;;;;;;;;;;;;;;;;;;;;;;;;;;;;;;;;;;;;;;;;;;;;;;;;;;;;;;;;;;;;;;;;;;;;;;;;;;;;;;;;;;;;;;;;;;;;;;;;;;;;;;;;;;;;;;;;;;;;;;;;;;;;;;;;;;;;;;;;;;;;;;;;;;;;;;;;;;;;;;;;;;;;;;;;;;;;;;;;;;;;;;;;;;
;;;;;;;;;;;;;;;;;;;;;;;;;;;;;;;;;;;;;;;;;;;;;;;;;;;;;;;;;;;;;;;;;;;;;;;;;;;;;;;;;;;;;;;;;;;;;;;;;;;;;;;;;;;;;;;;;;;;;;;;;;;;;;;;;;;;;;;;;;;;;;;;;;;;;;;;;;;;;;;;;;;;;;;;;;;;;;;;;;;;;;;;;;;;;;;;;;;;;;;;;;;;;;;;;;;;;;;;;;;;;;;;;;;;;;
;;;;;;;;;;;;;;;;;;;;;;;;;;;;;;;;;;;;;;;;;;;;;;;;;;;;;;;;;;;;;;;;;;;;;;;;;;;;;;;;;;;;;;;;;;;;;;;;;;;;;;;;;;;;;;;;;;;;;;;;;;;;;;;;;;;;;;;;;;;;;;;;;;;;;;;;;;;;;;;;;;;;;;;;;;;;;;;;;;;;;;;;;;;;;;;;;;;;;;;;;;;;;;;;;;;;;;;;;;;;;;;;;;;;;;
;;;;;;;;;;;;;;;;;;;;;;;;;;;;;;;;;;;;;;;;;;;;;;;;;;;;;;;;;;;;;;;;;;;;;;;;;;;;;;;;;;;;;;;;;;;;;;;;;;;;;;;;;;;;;;;;;;;;;;;;;;;;;;;;;;;;;;;;;;;;;;;;;;;;;;;;;;;;;;;;;;;;;;;;;;;;;;;;;;;;;;;;;;;;;;;;;;;;;;;;;;;;;;;;;;;;;;;;;;;;;;;;;;;;;;
;;;;;;;;;;;;;;;;;;;;;;;;;;;;;;;;;;;;;;;;;;;;;;;;;;;;;;;;;;;;;;;;;;;;;;;;;;;;;;;;;;;;;;;;;;;;;;;;;;;;;;;;;;;;;;;;;;;;;;;;;;;;;;;;;;;;;;;;;;;;;;;;;;;;;;;;;;;;;;;;;;;;;;;;;;;;;;;;;;;;;;;;;;;;;;;;;;;;;;;;;;;;;;;;;;;;;;;;;;;;;;;;;;;;;;
;;;;;;;;;;;;;;;;;;;;;;;;;;;;;;;;;;;;;;;;;;;;;;;;;;;;;;;;;;;;;;;;;;;;;;;;;;;;;;;;;;;;;;;;;;;;;;;;;;;;;;;;;;;;;;;;;;;;;;;;;;;;;;;;;;;;;;;;;;;;;;;;;;;;;;;;;;;;;;;;;;;;;;;;;;;;;;;;;;;;;;;;;;;;;;;;;;;;;;;;;;;;;;;;;;;;;;;;;;;;;;;;;;;;;;
daily performance;0;0;0;0;0;0.001952948;0.002108213;0.002100662;0.001748949;0.002218211;0.002441746;0.002139867;0.002309228;0.002403051;0.002288678;0.003124512;0.002977152;0;0.002377024;0.001925937;0.002446417;0.002020735;0.002799057;0.002643165;0.00230606;0.00219371;0.002575356;0.002342042;0.002556851;0.002513563;0.001698844;0.002245911;0.001983849;0.002165344;0.002963842;0.0029086;0.002043813;0.002613773;0.002458961;0.00209094;0.00207553;0.002324683;0.00300803;0.00268835;0.001530164;0.001292336;0.001524332;0.00180542;0.001786137;0.001880682;0.00280211;0.003103704;0.002187825;0.002044684;0.00257616;0.003155405;0.004215612;0.003675723;0.002643613;0.004233435;0.003777896;0.003119508;0.003265625;0.003523506;0.002804665;0.002023484;0.002368035;0.002768024;0.002127984;0.002258286;0.001974404;0.001650589;0.001185248;0.001190012;0.001089731;0.002155217;0.00165854;0.001326629;0.000815854;0.000826042;0.000813019;0.000616765;0.0008562;0.001036729;0.001290029;0.001693026;0.002582555;0.001329392;0.002442801;0;0.003566082;0.002634149;0.002353046;0.002580627;0.001893496;0.002110746;0.002110027;0.001482285;0.002064281;0.00262821;0.001816546;0.001839385;0.002277801;0.002509522;0.003541118;0.002833317;0.003229761;0.002876921;0.002394343;0.001718041;0.001290541;0.001557591;0.001917011;0.001592285;0.001889495;0.001589237;0.00136908;0.001299135;0.001421118;0.002062675;0.001841641;0.002057156;0.002076337;0;0.002032228;0.001840797;0.002407935;0.002417656;0.001776433;0.002102953;0.002684962;0.001929535;0.002013492;0.002820695;0.003244712;0.002030776;0.002199213;0.00144019;0.001276048;0.001614635;0.001939517;0.001641995;0.00266859;0.001840832;0.002353571;0.002877337;0.00248392;0.002511979;0.001861076;0.001949234;0.002101874;0.00239405;0.003199103;0.003306859;0.002055395;0.001779012;0.002225514;0.002262608;0.002210037;0.001711098;0.001084659;0.001361868;0.002010887;0.002233138;0.000812727;0.001896303;0.00126897;0.00148275;0.001117531;0.000978088;0.001031639;0.001652891;0.001701226;0.001718729;0.001349393;0.00142095;0.001602221;0.001263643;0.001111583;0.001727737;0.00190539;0.002322649;0.003875366;0;0.003348105;0.002239863;0.001918996;0.001857847;0.00152227;0.00114712;0.002607331;0.002545088;0.002762751;0.002892798;0.001511351;0.001418437;0.001417454;0.001796075;0.001847013;0.001524525;0.002697122;0.00186542;0.001600175;0.000908557;0.001215564;0.001743981;0.002520355;0.002786443;0.003076704;0.002270988;0.00264492;0.002229842;0.001434206;0.002635688;0.002584901;0.002666358;0.001343663;0;0;0.002383546;0.001604179;0;0.001897982;0;0.001890043;0.002467358;0;0.00262058;0.003561204;0.003228721
daily volatility (variance);0;0;0;0;0;0.00010514;0.0001035;9.09E-05;5.56E-05;6.51E-05;7.41E-05;5.00E-05;3.74E-05;4.04E-05;3.76E-05;6.36E-05;6.17E-05;0;3.37E-05;2.81E-05;5.94E-05;2.97E-05;5.36E-05;4.44E-05;2.95E-05;3.43E-05;4.27E-05;4.37E-05;7.12E-05;6.19E-05;2.35E-05;3.38E-05;2.98E-05;3.06E-05;6.59E-05;5.25E-05;2.27E-05;3.98E-05;3.85E-05;2.53E-05;2.78E-05;4.49E-05;8.44E-05;7.07E-05;2.80E-05;1.76E-05;1.93E-05;2.31E-05;2.14E-05;2.06E-05;6.13E-05;9.52E-05;3.35E-05;3.00E-05;5.73E-05;9.44E-05;0.000222447;0.000127869;5.92E-05;0.000215005;0.00015708;0.000179398;0.000178895;0.000240462;0.000150544;6.92E-05;0.000124436;0.000209039;0.000184426;0.000602558;0.002314816;0.001984458;0.000807349;0.000455816;0.000571059;0.000858351;0.000581914;0.000337918;0.000168714;0.00017477;8.96E-05;7.94E-05;0.00014077;0.000136659;5.44E-05;7.87E-05;0.000128859;2.63E-05;6.42E-05;0;0.000274629;0.000163765;0.000114384;0.00011205;5.99E-05;7.16E-05;4.97E-05;3.07E-05;6.03E-05;0.000100623;3.39E-05;4.68E-05;8.51E-05;9.15E-05;0.000624798;0.000307743;0.000362664;0.00034013;0.000213856;6.53E-05;2.59E-05;3.82E-05;6.44E-05;5.70E-05;0.000127902;9.90E-05;4.83E-05;3.98E-05;3.68E-05;7.90E-05;5.50E-05;5.21E-05;4.33E-05;0;6.13E-05;3.86E-05;8.74E-05;5.45E-05;2.93E-05;3.50E-05;5.25E-05;2.61E-05;2.79E-05;5.46E-05;6.98E-05;3.36E-05;5.10E-05;2.21E-05;1.46E-05;3.40E-05;3.35E-05;2.71E-05;0.000114155;3.14E-05;6.95E-05;0.000114419;6.48E-05;6.07E-05;4.09E-05;4.47E-05;4.28E-05;5.74E-05;0.000212795;0.000322078;9.01E-05;5.89E-05;0.000107756;0.000188214;0.000162685;5.62E-05;3.20E-05;3.77E-05;9.92E-05;9.87E-05;1.07E-05;5.81E-05;2.82E-05;3.42E-05;2.19E-05;1.51E-05;1.20E-05;2.05E-05;2.07E-05;2.33E-05;1.90E-05;2.03E-05;2.65E-05;1.40E-05;1.01E-05;1.77E-05;1.69E-05;2.63E-05;0.000205979;0;0.00017157;4.97E-05;3.70E-05;3.68E-05;2.26E-05;1.38E-05;0.000157859;0.000170392;0.000288961;0.000253454;4.58E-05;4.19E-05;3.04E-05;6.37E-05;5.84E-05;2.94E-05;0.000158278;6.45E-05;5.95E-05;1.38E-05;2.00E-05;4.31E-05;0.000182468;0.001354849;0.001066313;0.000251377;0.000251202;0.000117988;4.57E-05;0.000187689;0.000178441;0.00016489;3.78E-05;0;0;0.000121047;4.83E-05;0;2.78E-05;0;2.56E-05;5.44E-05;0;5.01E-05;0.000112636;0.000124599
daily volatility (deviation);0;0;0;0;0;0.01025378;0.010173495;0.009534149;0.007456541;0.008068457;0.008608136;0.007071068;0.006115554;0.006356099;0.006131884;0.007974961;0.007854935;0;0.00580517;0.005300943;0.00770714;0.005449771;0.007321202;0.006663332;0.00543139;0.00585662;0.006534524;0.006610598;0.008438009;0.007867655;0.00484768;0.005813777;0.005458938;0.005531727;0.008117881;0.007245688;0.004764452;0.006308724;0.006204837;0.005029911;0.005272571;0.006700746;0.009186947;0.008408329;0.005291503;0.004195235;0.004393177;0.004806246;0.004626013;0.004538722;0.007829432;0.009757049;0.005787918;0.005477226;0.007569676;0.009715966;0.014914657;0.011307918;0.007694154;0.014663049;0.012533156;0.013393954;0.013375164;0.015506837;0.012269637;0.008318654;0.011155089;0.014458181;0.013580353;0.028887004;0.048112535;0.044547256;0.035662964;0.021349848;0.023896841;0.029297628;0.024122894;0.018382546;0.012988995;0.013220061;0.009465728;0.008910668;0.011864653;0.011690124;0.007375636;0.008871302;0.011351608;0.005128353;0.00801249;0;0.016571934;0.01279707;0.010695046;0.010585367;0.007739509;0.008461678;0.007049823;0.005540758;0.007765307;0.010031102;0.005822371;0.006841053;0.009224966;0.009565563;0.02499596;0.017542605;0.019043739;0.018442614;0.014623816;0.008080842;0.005089204;0.006180615;0.008024961;0.007549834;0.011309377;0.009949874;0.00694982;0.006308724;0.0060663;0.008888194;0.007416198;0.007218033;0.006580274;0;0.007829432;0.00621289;0.009348797;0.007382412;0.005412947;0.00591608;0.007245688;0.005108816;0.005282045;0.007389181;0.008354639;0.005796551;0.007141428;0.004701064;0.003820995;0.005830952;0.005787918;0.005205766;0.010684334;0.00560357;0.008336666;0.010696682;0.008049845;0.00779102;0.006395311;0.006685806;0.006542171;0.007576279;0.014587495;0.017946532;0.009492102;0.007674634;0.010380559;0.013719111;0.012754803;0.007496666;0.005656854;0.006140033;0.00995992;0.009934787;0.003271085;0.007622336;0.005310367;0.005848077;0.004679744;0.003885872;0.003464102;0.004527693;0.004549725;0.004827007;0.004358899;0.004505552;0.005147815;0.003741657;0.00317805;0.004207137;0.004110961;0.005128353;0.014351969;0;0.013098473;0.007049823;0.006082763;0.0060663;0.004753946;0.003714835;0.012564195;0.013053429;0.016998853;0.015920239;0.00676757;0.006473021;0.00551362;0.007981228;0.007641989;0.005422177;0.012580858;0.008031189;0.007713624;0.003714835;0.004472136;0.006565059;0.013508072;0.050843318;0.032654448;0.015854873;0.015849353;0.010862228;0.006760178;0.013699964;0.013358181;0.01284095;0.00614817;0;0;0.011002136;0.00694982;0;0.005272571;0;0.005059644;0.007375636;0;0.007078135;0.010613011;0.011162392
montly performance;0;0;0;0;0;0.062348829;0.067464066;0.06274512;0.057510415;0.071102381;0.07067101;0.073087652;0.071647288;0.069514407;0.078358604;0.098108565;0.096534349;0;0.073823984;0.063505706;0.076056403;0.060289708;0.093566874;0.085271317;0.074016726;0.063278003;0.082998306;0.070193866;0.085146292;0.078220793;0.050456331;0.076841229;0.061259621;0.069352253;0.092844321;0.091039962;0.067516879;0.075827544;0.079107419;0.06022929;0.07081658;0.072143097;0.097581329;0.086788506;0.045338599;0.04219394;0.046755254;0.053702303;0.060658486;0.054018119;0.087569883;0.100831535;0.070096145;0.06102486;0.085815275;0.102591744;0.125006754;0.128711217;0.082424845;0.139921588;0.124000404;0.094529863;0.106353458;0.111287655;0.087653009;0.064669705;0.076077298;0.083462355;0.070390063;0.0724309;0.05678239;0.055932773;0.036175354;0.033861197;0.035466862;0.066718317;0.049231303;0.043336768;0.025603439;0.025927148;0.024680285;0.018669391;0.026885912;0.03264342;0.038094413;0.048504265;0.088841686;0.04066014;0.078568276;0;0.112702964;0.087826786;0.073053638;0.077605863;0.06240435;0.067547713;0.067523986;0.042345289;0.066014314;0.079090022;0.059796324;0.056678883;0.068206551;0.086227288;0.111872893;0.091670012;0.101570274;0.090006576;0.079531775;0.051040312;0.039449537;0.049430628;0.061168294;0.04722052;0.062268592;0.050459035;0.039051239;0.043774665;0.043523808;0.065961358;0.058696439;0.059228925;0.061997261;0;0.064957779;0.052843851;0.082600846;0.075130616;0.056562344;0.067290381;0.080862747;0.063627918;0.064340643;0.082061779;0.105638783;0.062751725;0.06812413;0.045623946;0.040324081;0.047898423;0.063967068;0.052175683;0.07747572;0.06257118;0.073070503;0.083774376;0.082623104;0.078169705;0.055401279;0.064297321;0.067254778;0.076943415;0.100560846;0.104112775;0.065721321;0.056646685;0.066591663;0.07257426;0.070831611;0.050829053;0.035299016;0.041673186;0.059987555;0.076388422;0.024671325;0.060488577;0.038777936;0.045452225;0.036387403;0.027751177;0.032480665;0.047328617;0.0576958;0.05286773;0.042689048;0.045001344;0.047521842;0.041238692;0.033890594;0.051335384;0.064833074;0.067115027;0.123036617;0;0.109176545;0.067034599;0.063269966;0.059227442;0.043511155;0.038558047;0.081250393;0.081985201;0.089291192;0.084242303;0.044769305;0.046402213;0.044888282;0.051528693;0.062787533;0.046761289;0.087083292;0.059475683;0.047459799;0.029486995;0.038377709;0.049998704;0.083882915;0.087060242;0.093176248;0.075288753;0.085330205;0.071487804;0.043933057;0.082168203;0.083317976;0.086049812;0.042504091;0;0;0.07403363;0.050944941;0;0.060543658;0;0.058282992;0.079387641;0;0.084513751;0.116502709;
montly volatility;0;0;0;0;0;0.00325934;0.0032085;0.0026361;0.0017792;0.0020181;0.0020748;0.00165;0.001122;0.0011312;0.0012408;0.001908;0.0019127;0;0.001011;0.0008992;0.001782;0.0008613;0.0017152;0.0013764;0.0009145;0.0009604;0.0013237;0.0012673;0.0022784;0.001857;0.0006815;0.0011154;0.000894;0.0009486;0.001977;0.001575;0.0007264;0.0011144;0.0011935;0.0007084;0.0009174;0.001347;0.0026164;0.0021917;0.000812;0.0005632;0.000579;0.0006699;0.0007062;0.0005768;0.001839;0.0029512;0.0010385;0.00087;0.0018336;0.0029264;0.006228516;0.004219677;0.001776;0.006665155;0.00486948;0.005202542;0.005545745;0.00721386;0.00451632;0.0021452;0.003857516;0.006062131;0.005901632;0.025868229;0.064814848;0.065487114;0.03815541;0.012762848;0.018273888;0.02575053;0.016875506;0.010813376;0.005230134;0.00541787;0.002688;0.002382;0.00436387;0.004236429;0.0015776;0.0022036;0.004252347;0.000789;0.0019902;0;0.00823887;0.00524048;0.00343152;0.00324945;0.0019168;0.0022196;0.0015407;0.0008596;0.0018693;0.002918067;0.0010848;0.001404;0.0024679;0.0030195;0.01874394;0.009540033;0.01087992;0.0102039;0.006843392;0.0018937;0.000777;0.0011842;0.0019964;0.001653;0.004092864;0.003069;0.0013524;0.0013134;0.001104;0.002449;0.001705;0.0014588;0.0012557;0;0.0019003;0.0010808;0.0028842;0.001635;0.0009083;0.001085;0.0015225;0.0008352;0.0008649;0.0015288;0.0021638;0.001008;0.00153;0.0006851;0.0004526;0.000986;0.001072;0.0008401;0.00319634;0.0010362;0.002085;0.003203732;0.0020736;0.001821;0.0011861;0.0014304;0.0013268;0.0017794;0.00638385;0.00966234;0.0027931;0.0018259;0.003124924;0.005834634;0.005043235;0.0016298;0.001024;0.001131;0.0028768;0.0032571;0.000321;0.0018011;0.000846;0.001026;0.0007008;0.0004228;0.000372;0.000574;0.0006831;0.000699;0.000589;0.0006293;0.0007685;0.000448;0.000303;0.0005133;0.0005577;0.0007364;0.00617937;0;0.00531867;0.0014413;0.001184;0.0011408;0.0006328;0.0004554;0.00473577;0.005282152;0.008957791;0.007096712;0.0013282;0.0013408;0.0009424;0.0017836;0.0019272;0.000882;0.004906618;0.0019995;0.0017255;0.0004416;0.00062;0.0012068;0.005838976;0.07755129;0.030923077;0.008044064;0.007787262;0.003657628;0.001371;0.00563067;0.005531671;0.00511159;0.0011718;0;0;0.00363141;0.0014973;0;0.0008618;0;0.000768;0.0016864;0;0.0015531;0.003491716;
monthly volatility (deviation);0;0;0;0;0;0.05709063;0.056643623;0.051342964;0.042180564;0.044923268;0.045549973;0.040620192;0.033496268;0.033633317;0.035224991;0.043680659;0.043734426;0;0.031796226;0.029986664;0.042213742;0.029347913;0.041414973;0.037099865;0.030240701;0.030990321;0.036382688;0.035599157;0.047732588;0.043092923;0.026105555;0.033397605;0.029899833;0.030799351;0.044463468;0.03968627;0.026951809;0.03338263;0.034547069;0.026615785;0.030288612;0.036701499;0.051150758;0.046815596;0.028495614;0.023731835;0.024062419;0.025882426;0.026574424;0.024016661;0.042883563;0.054324948;0.032225766;0.029495762;0.042820556;0.054096211;0.078920948;0.064959041;0.042142615;0.081640401;0.069781659;0.072128649;0.074469759;0.084934445;0.067203571;0.046316304;0.062108904;0.077859688;0.07682208;0.160836031;0.254587604;0.255904502;0.195334098;0.112972775;0.135180945;0.160469717;0.129905758;0.103987384;0.072319665;0.073606182;0.051845926;0.048805737;0.066059594;0.065087856;0.039719013;0.046942518;0.065210022;0.028089144;0.044611658;0;0.090768221;0.07239116;0.058579177;0.057003947;0.043781275;0.047112631;0.039251752;0.029318936;0.043235402;0.054019135;0.032936302;0.037469988;0.049677963;0.054949977;0.13690851;0.097673093;0.104306855;0.101014355;0.082724797;0.043516663;0.02787472;0.034412207;0.044681092;0.040657103;0.063975495;0.055398556;0.036774992;0.036240861;0.033226495;0.049487372;0.041291646;0.03819424;0.035435858;0;0.043592431;0.032875523;0.053704748;0.040435133;0.030138016;0.032939338;0.039019226;0.028899827;0.029409182;0.039099872;0.046516664;0.031749016;0.039115214;0.026174415;0.021274398;0.031400637;0.032741411;0.028984479;0.056536183;0.032190061;0.0456618;0.056601519;0.045536798;0.042673177;0.034439803;0.037820629;0.036425266;0.042182935;0.079898999;0.098297202;0.052849787;0.042730551;0.05590102;0.076384776;0.071015738;0.040370782;0.032;0.033630343;0.053635809;0.057071008;0.017916473;0.042439369;0.029086079;0.032031235;0.026472627;0.020562101;0.019287302;0.023958297;0.026136182;0.026438608;0.024269322;0.025085853;0.027721833;0.02116601;0.017406895;0.022656125;0.023615673;0.027136691;0.078608969;0;0.072929212;0.037964457;0.034409301;0.033775731;0.025155516;0.021340103;0.068816931;0.072678415;0.094645607;0.084241985;0.036444478;0.036616936;0.030698534;0.042232689;0.043899886;0.029698485;0.070047255;0.044715769;0.041539138;0.021014281;0.024899799;0.034739027;0.076413193;0.278480322;0.175849586;0.089688706;0.088245464;0.060478327;0.037027017;0.07503779;0.074375204;0.071495384;0.034231564;0;0;0.060261182;0.038694961;0;0.02935643;0;0.027712813;0.041065801;0;0.03940939;0.059090744;
portfolio value;1;1;1;1;1;1.062348829;1.134019201;1.205173371;1.274483392;1.365102196;1.461575347;1.568398457;1.680769953;1.79760768;1.938465708;2.128645797;2.334133233;2.334133233;2.506448247;2.665622013;2.868359635;3.0412922;3.325856404;3.60945656;3.876616717;4.121921281;4.464033765;4.777381553;5.184157877;5.589666818;5.871700897;6.32288961;6.710227431;7.175596822;7.841810236;8.555728342;9.133384418;9.825946526;10.6032518;11.24187812;12.03798948;12.90644733;14.16587561;15.39531079;16.09331261;16.77235288;17.5565485;18.49937559;19.6215197;20.68143729;22.49250833;24.76046247;26.49607544;28.11299473;30.52551911;33.65718535;37.86456084;42.73815454;46.26084031;52.73373055;59.27273444;64.8757779;71.77554123;79.76327289;86.75476377;92.36516875;99.39206122;107.6875567;115.2676906;123.6166332;130.6358811;137.9427081;142.9328344;147.7727113;153.0137457;163.2225653;171.2582248;178.6800028;183.2548253;188.0061003;192.6461445;196.2427307;201.5188954;208.0971614;216.0245006;226.5026102;246.625484;256.6533107;276.8181188;276.8181188;308.0163413;335.0684266;359.5463942;387.4493024;411.6278242;439.4323424;469.1045657;488.9689341;521.2478829;562.4733894;596.1072304;629.8939224;672.8568143;730.8754327;812.6405817;887.1353536;977.2419345;1065.200135;1149.917392;1208.609535;1256.288622;1318.387757;1399.031287;1465.094272;1556.323629;1634.854218;1698.697301;1773.057206;1850.227407;1972.27092;2088.036199;2211.708339;2348.828198;2348.828198;2501.402861;2633.586621;2851.123104;3065.329739;3238.711974;3456.646137;3736.160039;3973.884123;4229.566383;4576.652125;5060.124086;5377.655601;5744.00371;6006.067825;6248.256991;6547.538647;6966.365497;7329.840375;7897.725035;8391.89501;9005.094999;9759.491214;10565.85067;11391.7801;12022.89929;12795.9395;13656.52757;14707.30744;16186.28672;17871.48595;19046.02361;20124.91771;21465.06945;23022.88098;24653.62873;25906.74934;26821.2321;27938.95829;29614.94809;31877.18724;32663.63968;34639.41677;35982.66186;37618.1539;38986.98082;40068.91543;41370.38045;43328.38334;45828.24908;48251.08458;50310.87744;52574.93455;55073.39228;57344.54694;59287.9877;62331.55931;66372.70591;70827.31186;79541.6647;79541.6647;88225.74884;94139.92653;100096.1565;106024.5958;110637.8484;114903.8278;124239.8089;134425.6346;146428.6598;158764.1473;165871.9079;173568.7315;181359.9336;190705.174;202679.0814;212156.6165;230631.913;244348.9036;255945.6534;263492.7216;273604.9686;287284.8625;311383.1542;338492.2469;370031.6845;397890.9086;431843.0214;462714.5306;483042.9945;522733.7693;566286.889;615015.7693;641156.4555;641156.4555;641156.4555;688623.5953;723705.4838;723705.4838;767521.2611;767521.2611;812254.6966;876737.6808;876737.6808;950834.0709;1061608.816;
VaR;0;0;0;0;0;-0.031279804;-0.025431476;-0.021457341;-0.01166571;-0.002571779;-0.004030946;0.006470537;0.016713408;0.014355767;0.020589619;0.026472284;0.02480989;0;0.021678173;0.014327577;0.006825866;0.012159131;0.025646318;0.024427538;0.024421976;0.012453877;0.023330698;0.011811249;0.006864848;0.007548399;0.007643221;0.022069157;0.012223895;0.018841317;0.019924233;0.025954479;0.023315912;0.021080031;0.022450226;0.016579403;0.021143256;0.011952639;0.013694086;0.010010929;-0.001394208;0.003273731;0.007292887;0.011255124;0.017076431;0.014630795;0.01724084;0.01173862;0.017245889;0.01265181;0.015589563;0.013873958;-0.004423601;0.02217839;0.013310956;0.00603133;0.009558483;-0.023761121;-0.015776947;-0.028004835;-0.022560847;-0.011289034;-0.025781305;-0.044227533;-0.055598148;-0.191340191;-0.360741281;-0.36375061;-0.284172567;-0.151414154;-0.186229888;-0.196452019;-0.16381414;-0.127202542;-0.093000812;-0.09478699;-0.060347034;-0.061372018;-0.081451822;-0.074100664;-0.027044768;-0.028481465;-0.01810275;-0.005406056;0.005405157;0;-0.036156918;-0.030894716;-0.023016212;-0.01588061;-0.009396941;-0.009717002;0.003151113;-0.005737766;-0.004891745;-0.009501359;0.005780789;-0.004771897;-0.013265308;-0.003890674;-0.112657063;-0.068513861;-0.069492968;-0.075656966;-0.056136892;-0.020327015;-0.006265004;-0.007005391;-0.012108697;-0.019457129;-0.04265122;-0.040394597;-0.021259748;-0.015660347;-0.010967644;-0.015197932;-0.00902186;-0.003409629;0.003882454;0;-0.006533808;-0.001072007;-0.005474941;0.008816998;0.007135998;0.013269867;0.016871216;0.016232202;0.016109585;0.017937989;0.029351454;0.010683339;0.003975179;0.002697905;0.005434068;-0.003598622;0.010271154;0.004641137;-0.01524362;0.00977948;-0.001814849;-0.009052115;0.007942755;0.008185695;-0.001079998;0.002271489;0.007517342;0.007763402;-0.030473512;-0.057094636;-0.02095233;-0.013431419;-0.02508601;-0.052696773;-0.045634199;-0.015379029;-0.017180984;-0.013480577;-0.027975172;-0.017208031;-0.004711691;-0.009111988;-0.008923234;-0.007079;-0.007027705;-0.005970669;0.00084949;0.00803701;0.014832462;0.009508413;0.00288736;0.003860545;0.002058036;0.006526436;0.005343286;0.014179339;0.02610337;0.022610854;-0.005882092;0;-0.010427363;0.00477289;0.006838712;0.003835243;0.002256109;0.003560278;-0.031609374;-0.0372074;-0.065927603;-0.053914552;-0.014999639;-0.013649562;-0.005457314;-0.017732917;-0.00920828;-0.001944226;-0.027794206;-0.013858178;-0.020664387;-0.004976426;-0.002457961;-0.0069733;-0.041434722;-0.369647486;-0.195217073;-0.071800725;-0.059392356;-0.027696652;-0.016791251;-0.040893773;-0.038657359;-0.031202618;-0.013635674;0;0;-0.024794708;-0.012514795;0;0.012399113;0;0.012833979;0.012039727;0;0.019882351;0.019593889;
;;0.680769953;;;;;;;;;;;;1.306452891;;;;;;;;;;;;1.356019458;;;;;;;;;;;;1.148329557;;;;;;;;;;;;2.020802432;;;;;;;;;;;;1.411443234;;;;;;;;;;;;0.511370718;;;;;;;;;;;;1.171534083;;;;;;;;;;;;1.451302922;;;;;;;;;;;;0.815814086;;;;;;;;;;;;1.02561928;;;;;;;;;;;;1.129082318;;;;;;;;;;;;1.383658302;;;;;;;;;;;;0.816298844;;;;;;;;;;;;0.702432569;;;;;;;;;;;;1.206157754;;;;;;;;;;;;0.868520609;;;;;;;;;;;;1.343365542;;;;;;;;;;;;0.655771858;;;;;;;;;;;;
;;;;;;;;;;;;;;;;;;;;;;;;;;;;;;;;;;;;;;;;;;;;;;;;;;;;;;;;;;;;;;;;;;;;;;;;;;;;;;;;;;;;;;;;;;;;;;;;;;;;;;;;;;;;;;;;;;;;;;;;;;;;;;;;;;;;;;;;;;;;;;;;;;;;;;;;;;;;;;;;;;;;;;;;;;;;;;;;;;;;;;;;;;;;;;;;;;;;;;;;;;;;;;;;;;;;;;;;;;;;;;;;;;;;;;
Sharpe;;;;;;1.092102662;1.191026676;1.222078258;1.363433998;1.582751749;1.551504981;1.799293612;2.138963302;2.066831737;2.22451736;2.24604132;2.207285149;;2.321784478;2.117798299;1.801697727;2.054309892;2.259252324;2.298426612;2.447586318;2.041863426;2.281258218;1.9717845;1.783818887;1.815165636;1.932781395;2.300800581;2.048828199;2.251743973;2.088103452;2.293991398;2.505096374;2.271467047;2.289844589;2.26291616;2.338059598;1.965671675;1.907720097;1.853837469;1.591072893;1.777946796;1.943082032;2.07485585;2.282588928;2.249193549;2.042038415;1.856081574;2.175158381;2.068936548;2.004067276;1.896468202;1.583948966;1.981421139;1.955855018;1.713876785;1.776977013;1.310573043;1.428142906;1.310277061;1.304290943;1.39626221;1.224901634;1.071958508;0.91627385;0.450340011;0.223036743;0.218568929;0.185197333;0.299728824;0.262365839;0.415768896;0.378977066;0.416750247;0.354031493;0.352241446;0.476031328;0.382524518;0.406994811;0.50152858;0.959097674;1.033269349;1.36239313;1.447539306;1.761160188;;1.241656637;1.213225289;1.247092256;1.361412097;1.42536621;1.433749539;1.720279543;1.444298286;1.526857874;1.464111227;1.815514201;1.512647482;1.372973988;1.569196071;0.817136152;0.938539051;0.973764131;0.891027577;0.961401876;1.172891221;1.415244243;1.436427138;1.368997293;1.161433465;0.973319425;0.910836647;1.061896601;1.207881485;1.309912707;1.332892723;1.42150882;1.550729246;1.749562858;;1.490116002;1.607391949;1.53805481;1.858052897;1.87677729;2.042857722;2.072382138;2.201671242;2.187773975;2.098773597;2.270987941;1.976493539;1.741627439;1.743074143;1.895427593;1.525396539;1.953705294;1.800124922;1.370374084;1.943804331;1.600254545;1.480072929;1.814424984;1.831822951;1.608640996;1.700059536;1.846377127;1.824041286;1.258599573;1.059163159;1.243549402;1.325671766;1.19124236;0.950114196;0.997407237;1.259055448;1.10309425;1.239154355;1.118423608;1.338480337;1.377019071;1.425293976;1.333212909;1.418996957;1.374529358;1.349627502;1.684043989;1.975458314;2.207506819;1.999641207;1.758971594;1.793893315;1.71423881;1.948345106;1.946963775;2.26585014;2.745340944;2.47322074;1.56517276;;1.497020769;1.765719947;1.838746041;1.753550264;1.729686443;1.806835094;1.180674462;1.128054334;0.943426693;1.000003775;1.228424921;1.267233637;1.462228848;1.22011395;1.430243646;1.574534492;1.243207775;1.330082974;1.14253211;1.403188384;1.541285896;1.439266103;1.09775435;0.31262619;0.529863334;0.839445192;0.966964206;1.182040039;1.18651354;1.095024294;1.120238621;1.203571576;1.241663717;;;1.228545932;1.316578172;;2.062364463;;2.103106314;1.933181359;;2.144507971;1.971589814;
;;;;;;;;;;;;;;;;;;;;;;;;;;;;;;;;;;;;;;;;;;;;;;;;;;;;;;;;;;;;;;;;;;;;;;;;;;;;;;;;;;;;;;;;;;;;;;;;;;;;;;;;;;;;;;;;;;;;;;;;;;;;;;;;;;;;;;;;;;;;;;;;;;;;;;;;;;;;;;;;;;;;;;;;;;;;;;;;;;;;;;;;;;;;;;;;;;;;;;;;;;;;;;;;;;;;;;;;;;;;;;;;;;;;;;
daily performance;0;0;0;0;0;0.001430913;0.001707591;0.001734709;0.001469902;0.00197558;0.002214236;0.001955445;0.00218316;0.002248047;0.002135545;0.002948645;0.002794223;0;0.002235186;0.001804788;0.002204545;0.001906454;0.002622594;0.002515185;0.002204315;0.002070866;0.002402139;0.002190292;0.002362995;0.002368792;0.001625045;0.002116428;0.00186648;0.002045474;0.002791387;0.002760377;0.001937036;0.002462816;0.002316446;0.001972947;0.001964746;0.002148402;0.002725413;0.002390823;0.001339494;0.001145166;0.001389089;0.001680708;0.001656408;0.001764423;0.002502284;0.002648486;0.002011308;0.001878586;0.002363195;0.002898154;0.003474032;0.00345901;0.002487637;0.003880062;0.003502441;0.002746679;0.002878339;0.002982032;0.002425085;0.001702144;0.002044404;0.002302961;0.001694771;0.00093373;2.07E-05;7.16E-06;4.57E-06;5.17E-06;3.20E-06;1.48E-05;1.19E-05;1.67E-05;1.09E-05;1.56E-05;5.88E-05;0.000323305;4.69E-05;0.000580037;0.001021862;0.001446537;0.002328915;0.001206148;0.002234054;0;0.003100481;0.002317541;0.002037555;0.002240236;0.001665513;0.001833494;0.001841795;0.001286173;0.001818461;0.002295471;0.001664228;0.001652524;0.002023942;0.00225575;0.002464764;0.002126785;0.002376906;0.002053964;0.001849327;0.001388746;0.001045507;0.001336379;0.001683026;0.00136276;0.001528402;0.001347122;0.001151359;0.001093256;0.00125982;0.001807459;0.001627242;0.00186354;0.001897947;0;0.001810618;0.001661639;0.002118427;0.002250349;0.001645328;0.001971847;0.002528404;0.001819954;0.001889679;0.002653877;0.003039037;0.001878105;0.002017878;0.00129558;0.001169769;0.001473877;0.001793295;0.001506513;0.002315721;0.001640799;0.002067522;0.002511473;0.002250327;0.002300184;0.001647266;0.001744112;0.001907765;0.002087746;0.002135092;0.001967378;0.001726584;0.001534145;0.001931607;0.001506989;0.001574551;0.001327758;0.000821224;0.001063587;0.001465915;0.001707764;0.000655932;0.001553743;0.001046495;0.001306441;0.000964757;0.00085015;0.000895395;0.001504297;0.00155178;0.001557747;0.001226604;0.001309888;0.001476449;0.001163963;0.001034349;0.001638476;0.001812157;0.002180358;0.002945442;0;0.00274101;0.002054332;0.001752191;0.001676135;0.001385581;0.00103485;0.00199434;0.001768192;0.001528847;0.001928309;0.001302164;0.001210808;0.001235999;0.001465874;0.001564811;0.001368546;0.001879744;0.001549995;0.001352057;0.000780513;0.001107292;0.001570224;0.00198263;0.001371852;0.001631847;0.001583427;0.001776516;0.001774857;0.001207921;0.002056;0.001950616;0.00200088;0.001011288;0;0;0.001883936;0.001336792;0;0.001731131;0;0.001746677;0.002256681;0;0.002381364;0.003065202;0.002760906
daily volatility (variance);0;0;0;0;0;0.00010514;0.0001035;9.09E-05;5.56E-05;6.51E-05;7.41E-05;5.00E-05;3.74E-05;4.04E-05;3.76E-05;6.36E-05;6.17E-05;0;3.37E-05;2.81E-05;5.94E-05;2.97E-05;5.36E-05;4.44E-05;2.95E-05;3.43E-05;4.27E-05;4.37E-05;7.12E-05;6.19E-05;2.35E-05;3.38E-05;2.98E-05;3.06E-05;6.59E-05;5.25E-05;2.27E-05;3.98E-05;3.85E-05;2.53E-05;2.78E-05;4.49E-05;8.44E-05;7.07E-05;2.80E-05;1.76E-05;1.93E-05;2.31E-05;2.14E-05;2.06E-05;6.13E-05;9.52E-05;3.35E-05;3.00E-05;5.73E-05;9.44E-05;0.000168102;0.000127869;5.92E-05;0.000215005;0.00015708;0.000179398;0.000178895;0.000240462;0.000150544;6.92E-05;0.000124436;0.000209039;0.000184426;0.000155232;2.32E-07;4.07E-08;3.37E-08;3.32E-08;2.14E-08;1.03E-07;8.90E-08;1.58E-07;7.96E-08;1.90E-07;2.29E-06;7.94E-05;2.22E-06;0.000136659;5.44E-05;7.87E-05;0.000128859;2.63E-05;6.42E-05;0;0.000274629;0.000163765;0.000114384;0.00011205;5.99E-05;7.16E-05;4.97E-05;3.07E-05;6.03E-05;0.000100623;3.39E-05;4.68E-05;8.51E-05;9.15E-05;0.000219942;0.000188821;0.000237995;0.000221651;0.000196895;6.53E-05;2.59E-05;3.82E-05;6.44E-05;5.70E-05;0.000127902;9.90E-05;4.83E-05;3.98E-05;3.68E-05;7.90E-05;5.50E-05;5.21E-05;4.33E-05;0;6.13E-05;3.86E-05;8.74E-05;5.45E-05;2.93E-05;3.50E-05;5.25E-05;2.61E-05;2.79E-05;5.46E-05;6.98E-05;3.36E-05;5.10E-05;2.21E-05;1.46E-05;3.40E-05;3.35E-05;2.71E-05;0.000114155;3.14E-05;6.95E-05;0.000114419;6.48E-05;6.07E-05;4.09E-05;4.47E-05;4.28E-05;5.74E-05;0.000118066;0.000114852;9.01E-05;5.89E-05;0.000107771;8.16E-05;8.83E-05;5.62E-05;3.20E-05;3.77E-05;7.42E-05;8.52E-05;1.07E-05;5.81E-05;2.82E-05;3.42E-05;2.19E-05;1.51E-05;1.20E-05;2.05E-05;2.07E-05;2.33E-05;1.90E-05;2.03E-05;2.65E-05;1.40E-05;1.01E-05;1.77E-05;1.69E-05;2.63E-05;0.000109058;0;0.000132401;4.97E-05;3.70E-05;3.68E-05;2.26E-05;1.38E-05;0.00010264;9.03E-05;9.84E-05;0.000142358;4.58E-05;4.19E-05;3.04E-05;6.37E-05;5.84E-05;2.94E-05;6.08E-05;5.88E-05;5.95E-05;1.38E-05;2.00E-05;4.31E-05;0.00012739;0.000291763;0.000324935;0.000251377;0.000251202;0.000117988;4.57E-05;0.000187689;0.000178441;0.00016489;3.78E-05;0;0;0.000121047;4.83E-05;0;2.78E-05;0;2.56E-05;5.44E-05;0;5.01E-05;0.000112636;0.000124599
daily volatility (deviation);0;0;0;0;0;0.01025378;0.010173495;0.009534149;0.007456541;0.008068457;0.008608136;0.007071068;0.006115554;0.006356099;0.006131884;0.007974961;0.007854935;0;0.00580517;0.005300943;0.00770714;0.005449771;0.007321202;0.006663333;0.00543139;0.00585662;0.006534524;0.006610598;0.008438009;0.007867655;0.00484768;0.005813777;0.005458938;0.005531728;0.008117882;0.007245688;0.004764452;0.006308724;0.006204837;0.005029911;0.005272571;0.006700746;0.009186947;0.008408329;0.005291503;0.004195235;0.004393177;0.004806246;0.004626013;0.004538722;0.007829432;0.009757048;0.005787919;0.005477226;0.007569676;0.009715966;0.012965432;0.011307918;0.007694154;0.014663049;0.012533156;0.013393954;0.013375164;0.015506837;0.012269637;0.008318654;0.011155089;0.014458181;0.013580353;0.0124592;0.000481461;0.000201678;0.000183636;0.000182167;0.000146451;0.000321676;0.000298351;0.000397755;0.000282121;0.000436236;0.001512675;0.008910664;0.001488914;0.011690124;0.007375636;0.008871304;0.011351608;0.005128353;0.00801249;0;0.016571934;0.01279707;0.010695046;0.010585367;0.007739509;0.008461679;0.007049823;0.005540758;0.007765309;0.010031102;0.005822371;0.006841053;0.009224966;0.009565563;0.014830448;0.013741207;0.015427094;0.014887947;0.014031939;0.008080842;0.005089204;0.006180615;0.008024961;0.007549835;0.011309376;0.009949874;0.00694982;0.006308724;0.006066301;0.008888194;0.007416198;0.007218033;0.006580274;0;0.007829432;0.00621289;0.009348797;0.007382412;0.005412948;0.00591608;0.007245688;0.005108816;0.005282045;0.007389181;0.008354639;0.005796551;0.007141428;0.004701064;0.003820995;0.005830952;0.005787918;0.005205766;0.010684334;0.00560357;0.008336666;0.010696676;0.008049845;0.00779102;0.006395311;0.006685806;0.006542172;0.00757632;0.010865816;0.010716895;0.009492102;0.007674633;0.010381273;0.009033672;0.009398881;0.007496666;0.005656854;0.006140043;0.008613213;0.009229887;0.003271085;0.007622336;0.005310367;0.005848077;0.004679744;0.003885872;0.003464102;0.004527712;0.004549731;0.004827028;0.004358922;0.004505578;0.005147825;0.003741784;0.003178131;0.004207189;0.004111104;0.005128366;0.010443076;0;0.011506562;0.007049835;0.006082774;0.006066316;0.004753947;0.003714836;0.010131151;0.009503363;0.009921545;0.011931386;0.00676757;0.006473021;0.00551362;0.007981228;0.007641989;0.005422177;0.007794781;0.007666352;0.007713624;0.003714836;0.004472136;0.006565061;0.011286696;0.01708107;0.018025966;0.015854873;0.015849366;0.01086223;0.006760178;0.013699964;0.013358181;0.01284095;0.006148171;0;0;0.011002136;0.00694982;0;0.005272576;0;0.005059645;0.007375661;0;0.007078138;0.010613012;0.011162392
montly performance;0;0;0;0;0;0.045323689;0.054313842;0.051547586;0.048124454;0.063092979;0.063887952;0.066590031;0.067610959;0.064893362;0.072934968;0.092347638;0.09035151;0;0.069274906;0.05939835;0.068294624;0.056788427;0.087425677;0.080985192;0.070642112;0.05963478;0.077212839;0.065505152;0.078451952;0.073559464;0.048214312;0.072259748;0.057536578;0.065394275;0.087221056;0.086212871;0.06388276;0.0713013;0.074361783;0.056739373;0.066916811;0.066500698;0.088034515;0.076835952;0.03958266;0.037303275;0.042523008;0.049904929;0.056135223;0.050598813;0.077856939;0.085449863;0.064268718;0.055936332;0.078458852;0.093860119;0.101975332;0.120696517;0.07738461;0.127552297;0.114477816;0.082793745;0.093190336;0.093439062;0.075369668;0.054136134;0.065358996;0.068984436;0.055681749;0.029354716;0.000579976;0.000236249;0.000137246;0.000144703;0.000102472;0.000444642;0.000345841;0.00053354;0.000336513;0.000482485;0.001765154;0.009744744;0.001454564;0.018138466;0.030061869;0.041304008;0.079788132;0.036824464;0.071627402;0;0.097319667;0.076888116;0.062967445;0.0670461;0.05469548;0.05842957;0.058701478;0.036645186;0.057937326;0.068752803;0.054652178;0.050782161;0.060388145;0.077190142;0.076647374;0.068077534;0.073820188;0.063489768;0.060906595;0.041066528;0.03184536;0.042269035;0.053512645;0.040283364;0.050085448;0.042615717;0.032744184;0.036715695;0.038493185;0.057577229;0.051695358;0.05351329;0.056528239;0;0.057680609;0.047584751;0.072330302;0.069760333;0.052284226;0.062970208;0.075979254;0.059911702;0.060271255;0.077033088;0.098633655;0.057904765;0.062341392;0.040953358;0.036906378;0.043636202;0.059009516;0.047772792;0.066908529;0.055592274;0.063921523;0.072758185;0.07457965;0.071357227;0.048888905;0.057347025;0.060864761;0.066788432;0.066075841;0.060736384;0.054933738;0.04866932;0.057558101;0.04778823;0.049981657;0.039229377;0.026616435;0.0324046;0.043395624;0.057923622;0.019866283;0.049305632;0.031875926;0.039944809;0.03133838;0.02407942;0.028133301;0.042986944;0.052500797;0.047803478;0.038732719;0.041414588;0.04371393;0.037926694;0.031500381;0.048622013;0.061567987;0.062881454;0.092243002;0;0.088559299;0.061321168;0.057619933;0.053287999;0.03953075;0.034721589;0.06159302;0.056292927;0.048497369;0.055421976;0.03845933;0.039481916;0.039034921;0.041867122;0.052952799;0.041881609;0.059945368;0.049183909;0.039960956;0.025280963;0.034902324;0.044911065;0.06543307;0.041984791;0.048420753;0.051933172;0.056565065;0.056510816;0.036879546;0.063554574;0.062272184;0.06392542;0.031830183;0;0;0.058089485;0.042282351;0;0.0550822;0;0.053749334;0.072377669;0;0.076520988;0.09952242;
montly volatility;0;0;0;0;0;0.00325934;0.0032085;0.0026361;0.0017792;0.0020181;0.0020748;0.00165;0.001122;0.0011312;0.0012408;0.001908;0.0019127;0;0.001011;0.0008992;0.001782;0.0008613;0.0017152;0.0013764;0.0009145;0.0009604;0.0013237;0.0012673;0.0022784;0.001857;0.0006815;0.0011154;0.000894;0.0009486;0.001977;0.001575;0.0007264;0.0011144;0.0011935;0.0007084;0.0009174;0.001347;0.0026164;0.0021917;0.000812;0.0005632;0.000579;0.0006699;0.0007062;0.0005768;0.001839;0.0029512;0.0010385;0.00087;0.0018336;0.0029264;0.006228516;0.004219677;0.001776;0.006665155;0.00486948;0.005202542;0.005545745;0.00721386;0.00451632;0.0021452;0.003857516;0.006062131;0.005901632;0.01867931;0.064814848;0.065487114;0.024220482;0.012762848;0.018273888;0.02575053;0.016875506;0.010813376;0.005230134;0.00541787;0.002688;0.002382;0.00436387;0.004236429;0.0015776;0.0022036;0.004252347;0.000789;0.0019902;0;0.00823887;0.00524048;0.00343152;0.00324945;0.0019168;0.0022196;0.0015407;0.0008596;0.0018693;0.002918067;0.0010848;0.001404001;0.0024679;0.003019501;0.018743939;0.009540033;0.01087992;0.0102039;0.006843392;0.0018937;0.000777;0.0011842;0.0019964;0.001653;0.004092864;0.003069;0.0013524;0.0013134;0.001104;0.002449;0.001705;0.0014588;0.0012557;0;0.0019003;0.0010808;0.0028842;0.001635;0.0009083;0.001085;0.0015225;0.0008352;0.0008649;0.0015288;0.0021638;0.001008;0.00153;0.0006851;0.0004526;0.000986;0.001072;0.0008401;0.00319634;0.0010362;0.002085;0.003203732;0.0020736;0.001821;0.0011861;0.0014304;0.0013268;0.001779402;0.00638385;0.009662341;0.002793104;0.0018259;0.003124924;0.005834633;0.005043235;0.0016298;0.001024;0.001131;0.0028768;0.0032571;0.000321;0.0018011;0.000846;0.001026;0.0007008;0.0004228;0.000372;0.000574;0.000683111;0.000699001;0.000589012;0.000629306;0.000768516;0.000448039;0.000303013;0.00051335;0.000557707;0.000736416;0.006179371;0;0.005318671;0.00144132;0.001184001;0.0011408;0.0006328;0.0004554;0.00473577;0.005282152;0.008957791;0.007096712;0.0013282;0.0013408;0.0009424;0.0017836;0.0019272;0.000882;0.004906618;0.0019995;0.0017255;0.0004416;0.00062;0.0012068;0.005838976;0.040645468;0.030923077;0.008044064;0.007787262;0.003657636;0.001371;0.00563067;0.005531671;0.00511159;0.0011718;0;0;0.00363141;0.0014973;0;0.000861802;0;0.000768003;0.0016864;0;0.001553108;0.003491718;
monthly volatility (deviation);0;0;0;0;0;0.05709063;0.056643623;0.051342964;0.042180564;0.044923268;0.045549973;0.040620192;0.033496268;0.033633317;0.035224991;0.04368066;0.043734426;0;0.031796226;0.029986664;0.042213742;0.029347913;0.041414973;0.037099865;0.030240701;0.030990321;0.036382688;0.035599157;0.047732588;0.043092923;0.026105555;0.033397605;0.029899833;0.030799351;0.044463468;0.03968627;0.026951809;0.03338263;0.03454707;0.026615785;0.030288612;0.036701499;0.051150758;0.046815596;0.028495614;0.023731835;0.024062419;0.025882426;0.026574424;0.024016661;0.042883563;0.054324948;0.032225766;0.029495762;0.042820556;0.054096211;0.078920948;0.064959041;0.042142615;0.081640401;0.06978166;0.072128649;0.074469759;0.084934445;0.067203571;0.046316304;0.062108904;0.077859688;0.07682208;0.136672272;0.254587603;0.255904501;0.15562931;0.112972775;0.135180946;0.160469717;0.129905758;0.103987384;0.072319667;0.073606182;0.051845926;0.048805738;0.066059594;0.065087856;0.039719013;0.046942522;0.065210022;0.028089144;0.044611658;0;0.090768221;0.07239116;0.058579177;0.057003947;0.043781275;0.047112631;0.039251752;0.029318936;0.043235402;0.054019136;0.032936302;0.037470007;0.049677963;0.054949984;0.136908507;0.097673093;0.104306855;0.101014358;0.082724797;0.043516664;0.027874721;0.034412207;0.044681092;0.040657103;0.063975495;0.055398556;0.036774992;0.036240861;0.033226496;0.049487372;0.041291646;0.03819424;0.035435858;0;0.043592431;0.032875525;0.053704748;0.040435133;0.030138016;0.032939338;0.039019226;0.028899827;0.029409182;0.039099872;0.046516664;0.031749016;0.039115214;0.026174415;0.021274398;0.031400637;0.032741411;0.028984479;0.056536183;0.032190061;0.0456618;0.056601519;0.045536798;0.042673177;0.034439803;0.03782063;0.036425267;0.042182962;0.079898999;0.09829721;0.052849823;0.042730554;0.055901024;0.076384772;0.071015738;0.040370785;0.032;0.033630349;0.05363581;0.05707101;0.017916473;0.042439369;0.029086079;0.032031235;0.026472627;0.020562101;0.019287302;0.023958305;0.026136391;0.026438621;0.024269563;0.025085977;0.027722117;0.021166927;0.017407268;0.022657224;0.023615814;0.027136988;0.078608975;0;0.072929219;0.037964725;0.034409315;0.033775735;0.025155519;0.021340114;0.068816931;0.072678415;0.094645608;0.084241985;0.036444478;0.036616936;0.030698534;0.042232689;0.043899886;0.029698485;0.070047256;0.044715769;0.041539138;0.021014281;0.0248998;0.034739027;0.076413193;0.201607212;0.175849586;0.089688706;0.088245465;0.060478397;0.037027022;0.075037791;0.074375205;0.071495385;0.034231569;0;0;0.060261182;0.038694961;0;0.029356465;0;0.027712858;0.041065805;0;0.039409494;0.059090758;
portfolio value;1;1;1;1;1;1.045323689;1.102099235;1.15890979;1.21468169;1.291319576;1.37381934;1.465302013;1.564372487;1.665889877;1.787391502;1.952452886;2.128859952;2.128859952;2.276336524;2.411547158;2.576242864;2.722543643;2.960563863;3.200325694;3.426403461;3.630736278;3.911075732;4.167271341;4.494201913;4.824792998;5.057417074;5.422864759;5.73487784;6.109906016;6.64281847;7.21551492;7.676461925;8.223803642;8.835340346;9.336652014;9.961430988;10.6238731;11.55914062;12.4472982;12.93999537;13.42269957;13.99347313;14.69181642;15.51654481;16.30166356;17.57086119;19.07228887;20.29804043;21.43343836;23.11508133;25.28466562;27.8630778;31.22605423;33.64247027;37.93364462;42.2762054;45.77641077;50.04232988;54.71823825;58.8423337;62.02783018;66.08190688;70.64052996;74.57391818;76.76301436;76.80753506;76.82568074;76.83622478;76.8473432;76.85521788;76.88939095;76.91598246;76.95702018;76.98291724;77.02006031;77.15601255;77.90787812;78.02120012;79.43638498;81.82439116;85.20406646;92.00233973;95.39027656;102.2228343;102.2228343;112.1711264;120.795753;128.4019529;137.0108031;144.5046747;152.9480207;161.9262956;167.8601148;177.585481;189.7949806;200.1676897;210.3326375;223.0342352;240.2502794;258.6648324;276.2740964;296.6687022;315.5041293;334.7204114;348.4662166;359.5632486;374.7616399;394.8161267;410.7206485;431.291776;449.6715845;464.3957138;481.4463254;499.9787277;528.7661171;556.1008708;585.8596578;618.9772727;618.9772727;654.680259;685.8330564;735.4395687;786.7440781;827.8783832;880.0100571;946.8725649;1003.601312;1064.089622;1146.059732;1259.099792;1332.00767;1415.046883;1472.997804;1527.360818;1594.009044;1688.070746;1768.714599;1887.056691;1991.962464;2119.291738;2273.48756;2443.043466;2617.372274;2745.332737;2902.769402;3079.445768;3285.117123;3502.183998;3714.893991;3918.967005;4109.700463;4346.247019;4553.946469;4781.56026;4969.13789;5101.398624;5266.707405;5495.259462;5813.564795;5929.058716;6221.3947;6419.707417;6676.141405;6885.360859;7051.156357;7249.528663;7561.163749;7958.130875;8338.557213;8661.532203;9020.245994;9414.556398;9771.619401;10079.42913;10569.51127;11220.2548;11925.80074;13025.8724;13025.8724;14179.43453;15048.93402;15916.05259;16764.18719;17426.88808;18031.97732;19142.62125;20220.21544;21200.8427;22375.83529;23236.39493;24153.81233;25096.65448;26147.37917;27531.9561;28685.03871;30404.57391;31899.9897;33174.74379;34013.43325;35200.58113;36781.47671;39188.20166;40833.51014;42810.69943;45033.99487;47581.34569;50270.20637;52124.14874;55436.8768;58889.05217;62653.55958;64647.83383;64647.83383;64647.83383;68403.19323;71295.44103;71295.44103;75222.55074;75222.55074;79265.71272;85002.78025;85002.78025;91507.27695;100614.3026;
VaR;0;0;0;0;0;-0.066573945;-0.056707659;-0.049084625;-0.034549452;-0.024956627;-0.025389994;-0.013025545;0.001958273;-0.001027939;0.003893985;0.006733545;0.004632035;0;0.006954302;0.000624489;-0.014444311;-0.000733483;0.006252329;0.008269456;0.011370338;-0.001106249;0.005902769;-0.004269197;-0.015103921;-0.010902665;-0.002952576;0.006800443;-0.001067094;0.005027547;7.27E-05;0.008427781;0.011057214;0.005871345;0.006649526;0.004572434;0.007551132;-0.005434239;-0.01222097;-0.014922615;-0.016268743;-0.009211122;-0.004639333;-0.000824626;0.004049353;0.003526158;-0.006194845;-0.021027036;0.001106217;-0.001875362;-0.005469437;-0.012168454;-0.052709726;-0.006623204;-0.005214915;-0.032462888;-0.022294237;-0.058578407;-0.052770391;-0.073032451;-0.056349332;-0.036643821;-0.056374457;-0.083620552;-0.094889529;-0.238522938;-0.498411726;-0.501336574;-0.3048962;-0.221281937;-0.264852182;-0.314076002;-0.254269445;-0.203281733;-0.141410035;-0.143785632;-0.099852861;-0.085914502;-0.128022241;-0.109433732;-0.047787398;-0.050703334;-0.048023512;-0.018230258;-0.015811447;0;-0.080586047;-0.064998557;-0.051847742;-0.044681637;-0.031115819;-0.033911186;-0.018231955;-0.020819929;-0.026804062;-0.037124704;-0.009902974;-0.022659053;-0.036980663;-0.030511827;-0.1916933;-0.123361728;-0.130621247;-0.134498373;-0.101234008;-0.044226132;-0.022789093;-0.025178892;-0.034062295;-0.039404557;-0.075306523;-0.065965452;-0.039334799;-0.034316392;-0.026630747;-0.039418021;-0.029236268;-0.021347422;-0.012926042;0;-0.027760554;-0.016851278;-0.032931004;-0.009492528;-0.006786285;-0.001590895;-0.000498429;0.003268041;0.002629258;0.000397339;0.007460994;-0.004323306;-0.014324428;-0.010348496;-0.004791441;-0.017909046;-0.00516365;-0.009036786;-0.04390239;-0.007500245;-0.025575606;-0.038180793;-0.014672474;-0.012282199;-0.018613109;-0.016781409;-0.010528762;-0.015890173;-0.090526197;-0.131926146;-0.048651916;-0.035082566;-0.052007906;-0.101925923;-0.08920919;-0.039897361;-0.036103566;-0.033510885;-0.061730563;-0.053935557;-0.015250004;-0.033875531;-0.025132789;-0.022836411;-0.02054797;-0.016222298;-0.00966981;-0.003971333;0.00127347;-0.004016219;-0.008835624;-0.007753926;-0.010621418;-0.003560483;-0.002617864;0.004213855;0.015280991;0.009692958;-0.061830588;0;-0.05438197;-0.013089692;-0.009822324;-0.012912441;-0.009774067;-0.007105035;-0.073288165;-0.086156766;-0.137008021;-0.109692314;-0.032971847;-0.032287278;-0.021134206;-0.040908948;-0.033090977;-0.016327422;-0.077347253;-0.038458999;-0.041455755;-0.015907028;-0.013901283;-0.023177429;-0.084336789;-0.353165343;-0.296244437;-0.123856692;-0.116396046;-0.062026841;-0.035693417;-0.083519495;-0.083503218;-0.076205534;-0.035263692;0;0;-0.060022431;-0.033559773;0;-0.002456471;0;-0.000567868;-0.008111308;0;-0.000721621;-0.016295466;
;;0.564372487;;;;;;;;;;;;1.190273413;;;;;;;;;;;;1.240384712;;;;;;;;;;;;1.021314632;;;;;;;;;;;;1.724588875;;;;;;;;;;;;0.817481585;;;;;;;;;;;;0.064919464;;;;;;;;;;;;0.978948984;;;;;;;;;;;;1.067115847;;;;;;;;;;;;0.661389183;;;;;;;;;;;;0.913483105;;;;;;;;;;;;0.991647782;;;;;;;;;;;;1.050801661;;;;;;;;;;;;0.584208361;;;;;;;;;;;;0.629581224;;;;;;;;;;;;0.889515261;;;;;;;;;;;;0.660338772;;;;;;;;;;;;0.836555869;;;;;;;;;;;;0.556344532;;;;;;;;;;;;
;;;;;;;;;;;;;;;;;;;;;;;;;;;;;;;;;;;;;;;;;;;;;;;;;;;;;;;;;;;;;;;;;;;;;;;;;;;;;;;;;;;;;;;;;;;;;;;;;;;;;;;;;;;;;;;;;;;;;;;;;;;;;;;;;;;;;;;;;;;;;;;;;;;;;;;;;;;;;;;;;;;;;;;;;;;;;;;;;;;;;;;;;;;;;;;;;;;;;;;;;;;;;;;;;;;;;;;;;;;;;;;;;;;;;;
;;;;;;;;;;;;;;;;;;;;;;;;;;;;;;;;;;;;;;;;;;;;;;;;;;;;;;;;;;;;;;;;;;;;;;;;;;;;;;;;;;;;;;;;;;;;;;;;;;;;;;;;;;;;;;;;;;;;;;;;;;;;;;;;;;;;;;;;;;;;;;;;;;;;;;;;;;;;;;;;;;;;;;;;;;;;;;;;;;;;;;;;;;;;;;;;;;;;;;;;;;;;;;;;;;;;;;;;;;;;;;;;;;;;;;
2.0431;;;;;;;;;;;;;;;;;;;;;;;;;;;;;;;;;;;;;;;;;;;;;;;;;;;;;;;;;;;;;;;;;;;;;;;;;;;;;;;;;;;;;;;;;;;;;;;;;;;;;;;;;;;;;;;;;;;;;;;;;;;;;;;;;;;;;;;;;;;;;;;;;;;;;;;;;;;;;;;;;;;;;;;;;;;;;;;;;;;;;;;;;;;;;;;;;;;;;;;;;;;;;;;;;;;;;;;;;;;;;;;;;;;;;;
;;;;;;;;;;;;;;;;;;;;;;;;;;;;;;;;;;;;;;;;;;;;;;;;;;;;;;;;;;;;;;;;;;;;;;;;;;;;;;;;;;;;;;;;;;;;;;;;;;;;;;;;;;;;;;;;;;;;;;;;;;;;;;;;;;;;;;;;;;;;;;;;;;;;;;;;;;;;;;;;;;;;;;;;;;;;;;;;;;;;;;;;;;;;;;;;;;;;;;;;;;;;;;;;;;;;;;;;;;;;;;;;;;;;;;
;;;;;;;;;;;;;;;;;;;;;;;;;;;;;;;;;;;;;;;;;;;;;;;;;;;;;;;;;;;;;;;;;;;;;;;;;;;;;;;;;;;;;;;;;;;;;;;;;;;;;;;;;;;;;;;;;;;;;;;;;;;;;;;;;;;;;;;;;;;;;;;;;;;;;;;;;;;;;;;;;;;;;;;;;;;;;;;;;;;;;;;;;;;;;;;;;;;;;;;;;;;;;;;;;;;;;;;;;;;;;;;;;;;;;;
;;;;;;;;;;;;;;;;;;;;;;;;;;;;;;;;;;;;;;;;;;;;;;;;;;;;;;;;;;;;;;;;;;;;;;;;;;;;;;;;;;;;;;;;;;;;;;;;;;;;;;;;;;;;;;;;;;;;;;;;;;;;;;;;;;;;;;;;;;;;;;;;;;;;;;;;;;;;;;;;;;;;;;;;;;;;;;;;;;;;;;;;;;;;;;;;;;;;;;;;;;;;;;;;;;;;;;;;;;;;;;;;;;;;;;
;;;;;;;;;;;;;;;;;;;;;;;;;;;;;;;;;;;;;;;;;;;;;;;;;;;;;;;;;;;;;;;;;;;;;;;;;;;;;;;;;;;;;;;;;;;;;;;;;;;;;;;;;;;;;;;;;;;;;;;;;;;;;;;;;;;;;;;;;;;;;;;;;;;;;;;;;;;;;;;;;;;;;;;;;;;;;;;;;;;;;;;;;;;;;;;;;;;31/01/2003;30/01/2004;28/02/2005;31/01/2006;31/01/2007;31/01/2008;30/01/2009;29/01/2010;31/01/2011;31/01/2012;31/01/2013;31/01/2014;30/01/2015;29/01/2016;31/01/2017;31/01/2018;31/01/2019;31/01/2020;31/01/2021;;;;;;;;;;;;;;;;;
;;;;;;;;;;;;;;;;;;;;;;;;;;;;;;;;;;;;;;;;;;;;;;;;;;;;;;;;;;;;;;;;;;;;;;;;;;;;;;;;;;;;;;;;;;;;;;;;;;;;;;;;;;;;;;;;;;;;;;;;;;;;;;;;;;;;;;;;;;;;;;;;;;;;;;;;;;;;;;;;;;;;;;;;;;;;;;;;;;;;;;;;;;;;;;;;;;;0.241601515;0.203127791;0.182375518;0.305851961;0.033639579;-0.317945968;0.38984305;0.198748687;0.277262485;0.36155034;0.362255886;0.449635298;-0.01849192;0.314176348;0.452935776;-0.002956572;0.54228024;0.290653792;0.216370386;;;;;;;;;;;;;;;;;
;;;;;;;;;;;;;;;;;;;;;;;;;;;;;;;;;;;;;;;;;;;;;;;;;;;;;;;;;;;;;;;;;;;;;;;;;;;;;;;;;;;;;;;;;;;;;;;;;;;;;;;;;;;;;;;;;;;;;;;;;;;;;;;;;;;;;;;;;;;;;;;;;;;;;;;;;;;;;;;;;;;;;;;;;;;;;;;;;;;;;;;;;;;;;;;;;;;;;;;;;;;;;;;;;;;;;;;;;;;;;;;;;;;;;;
2003;2004;2005;2006;2007;2008;2009;2010;2011;2012;2013;2014;2015;2016;2017;2018;2019;2020;2021;;;;;;;;;;;;;;;;;;;;;;;;;;;;;;;;;;;;;;;;;;;;;;;;;;;;;;;;;;;;;;;;;;;;;;;;;;;;;;;;;;;;;;;;;;;;;;;;;;;;;;;;;;;;;;;;;;;;;;;;;;;;;;;;;;;;;;;;;;;;;;;;;;;;;;;;;;;;;;;;;;;;;;;;;;;;;;;;;;;;;;;;;;;;;;;;;;;;;;;;;;;;;;;;;;;;
0.241601515;0.203127791;0.182375518;0.305851961;0.033639579;-0.317945968;0.38984305;0.198748687;0.277262485;0.36155034;0.362255886;0.449635298;-0.01849192;0.314176348;0.452935776;-0.002956572;0.54228024;0.290653792;0.216370386;;;;;;;;;;;;;;;;;;;;;;;;;;;;;;;;;;;;;;;;;;;;;;;;;;;;;;;;;;;;;;;;;;;;;;;;;;;;;;;;;;;;;;;;;;;;;;;;;;;;;;;;;;;;;;;;;;;;;;;;;;;;;;;;;;;;;;;;;;;;;;;;;;;;;;;;;;;;;;;;;;;;;;;;;;;;;;;;;;;;;;;;;;;;;;;;;;;;;;;;;;;;;;;;;;;;
0.680769953;1.306452891;1.356019458;1.148329557;2.020802432;1.411443234;0.511370718;1.171534083;1.451302922;0.815814086;1.02561928;1.129082318;1.383658302;0.816298844;0.702432569;1.206157754;0.868520609;1.343365542;0.655771858;;;;;;;;;;;;;;;;;;;;;;;;;;;;;;;;;;;;;;;;;;;;;;;;;;;;;;;;;;;;;;;;;;;;;;;;;;;;;;;;;;;;;;;;;;;;;;;;;;;;;;;;;;;;;;;;;;;;;;;;;;;;;;;;;;;;;;;;;;;;;;;;;;;;;;;;;;;;;;;;;;;;;;;;;;;;;;;;;;;;;;;;;;;;;;;;;;;;;;;;;;;;;;;;;;;;
0.564372487;1.190273413;1.240384712;1.021314632;1.724588875;0.817481585;0.064919464;0.978948984;1.067115847;0.661389183;0.913483105;0.991647782;1.050801661;0.584208361;0.629581224;0.889515261;0.660338772;0.836555869;0.556344532;;;;;;;;;;;;;;;;;;;;;;;;;;;;;;;;;;;;;;;;;;;;;;;;;;;;;;;;;;;;;;;;;;;;;;;;;;;;;;;;;;;;;;;;;;;;;;;;;;;;;;;;;;;;;;;;;;;;;;;;;;;;;;;;;;;;;;;;;;;;;;;;;;;;;;;;;;;;;;;;;;;;;;;;;;;;;;;;;;;;;;;;;;;;;;;;;;;;;;;;;;;;;;;;;;;;
;;;;;;;;;;;;;;;;;;;;;;;;;;;;;;;;;;;;;;;;;;;;;;;;;;;;;;;;;;;;;;;;;;;;;;;;;;;;;;;;;;;;;;;;;;;;;;;;;;;;;;;;;;;;;;;;;;;;;;;;;;;;;;;;;;;;;;;;;;;;;;;;;;;;;;;;;;;;;;;;;;;;;;;;;;;;;;;;;;;;;;;;;;;;;;;;;;;;;;;;;;;;;;;;;;;;;;;;;;;;;;;;;;;;;;
;;;;;;;;;;;;;;;;;;;;;;;;;;;;;;;;;;;;;;;;;;;;;;;;;;;;;;;;;;;;;;;;;;;;;;;;;;;;;;;;;;;;;;;;;;;;;;;;;;;;;;;;;;;;;;;;;;;;;;;;;;;;;;;;;;;;;;;;;;;;;;;;;;;;;;;;;;;;;;;;;;;;;;;;;;;;;;;;;;;;;;;;;;;;;;;;;;;;;;;;;;;;;;;;;;;;;;;;;;;;;;;;;;;;;;
;;;;;;;;;;;;;;;;;;;;;;;;;;;;;;;;;;;;;;;;;;;;;;;;;;;;;;;;;;;;;;;;;;;;;;;;;;;;;;;;;;;;;;;;;;;;;;;;;;;;;;;;;;;;;;;;;;;;;;;;;;;;;;;;;;;;;;;;;;;;;;;;;;;;;;;;;;;;;;;;;;;;;;;;;;;;;;;;;;;;;;;;;;;;;;;;;;;;;;;;;;;;;;;;;;;;;;;;;;;;;;;;;;;;;;
;;;;;;;;;;;;;;;;;;;;;;;;;;;;;;;;;;;;;;;;;;;;;;;;;;;;;;;;;;;;;;;;;;;;;;;;;;;;;;;;;;;;;;;;;;;;;;;;;;;;;;;;;;;;;;;;;;;;;;;;;;;;;;;;;;;;;;;;;;;;;;;;;;;;;;;;;;;;;;;;;;;;;;;;;;;;;;;;;;;;;;;;;;;;;;;;;;;;;;;;;;;;;;;;;;;;;;;;;;;;;;;;;;;;;;
;;;;;;;;;;;;;;;;;;;;;;;;;;;;;;;;;;;;;;;;;;;;;;;;;;;;;;;;;;;;;;;;;;;;;;;;;;;;;;;;;;;;;;;;;;;;;;;;;;;;;;;;;;;;;;;;;;;;;;;;;;;;;;;;;;;;;;;;;;;;;;;;;;;;;;;;;;;;;;;;;;;;;;;;;;;;;;;;;;;;;;;;;;;;;;;;;;;;;;;;;;;;;;;;;;;;;;;;;;;;;;;;;;;;;;
