;4;;5;;6;;7;;8;;9;;10;;11;;14;;;;4;5;6;7;8;9;10;11;14
;Performance;Risk;Performance;Risk;Performance;Risk;Performance;Risk;Performance;Risk;Performance;Risk;Performance;Risk;Performance;Risk;Performance;Risk;;;;;;;;;;;
31-Dec-02;-1.36E-03;0.000167201;-2.06E-06;1.79E-06;5.04E-05;6.10E-07;-4.82E-05;3.03E-05;0.000552529;9.33E-05;-0.000316034;3.53E-05;0.000399734;0.000140983;-0.000744513;0.000101202;0.000458378;1.48E-06;;;;;;;;;;;
31-janv-03;-1.31E-03;0.000158122;-0.000237145;2.25E-06;-0.000116589;9.28E-07;-0.000753857;3.54E-05;-0.000562179;0.000226399;-0.001264092;3.00E-05;-0.000644497;0.000117753;-0.002569467;7.50E-05;2.42E-05;3.92E-06;;;;;;;;;;;
28-Feb-03;-3.24E-03;0.000131657;-0.000477485;2.52E-06;0.000123565;9.02E-07;-0.001507543;3.00E-05;-0.001685854;0.000185679;-0.001091531;3.53E-05;-0.002072491;7.25E-05;-0.00205992;5.39E-05;-0.000390499;2.01E-06;;;;;;;;;;;
31-mars-03;4.37E-04;0.000239496;3.39E-05;4.95E-06;0.000145008;5.43E-07;0.000597851;5.15E-05;0.000518034;9.38E-06;0.000444621;5.53E-05;0.001042972;7.03E-05;0.000181614;6.08E-06;0.000342294;2.03E-06;;;;;;;;;;;
30-Apr-03;1.74E-03;7.70E-05;0.000246333;3.89E-06;2.82E-05;4.61E-07;0.001430124;4.27E-05;6.88E-05;4.37E-06;0.001651585;4.01E-05;0.000652662;5.93E-05;0.000324362;4.68E-06;0.000326668;1.21E-06;;;;;;;;;;;
30-May-03;1.15E-03;4.50E-05;0.000335082;1.98E-06;0.00019681;5.51E-07;0.000929218;3.05E-05;0.000977526;9.12E-06;0.001582287;2.43E-05;0.002693452;6.66E-05;0.000217512;2.32E-06;0.000637138;4.22E-06;;;;;;;;;;;
30-juin-03;1.53E-03;4.64E-05;0.000311117;1.35E-06;5.66E-05;5.82E-07;0.000334076;3.14E-05;0.000325453;1.25E-05;0.000171695;2.49E-05;0.000753253;6.55E-05;9.16E-05;3.03E-06;0.000524132;3.78E-06;;;;;;;;;;;
31-juil-03;6.36E-05;2.43E-05;-0.000150761;1.28E-06;-0.000142479;2.73E-07;0.000105095;2.42E-05;7.42E-06;9.50E-06;-0.000388062;1.54E-05;0.000419087;6.96E-05;-5.81E-05;2.35E-06;-0.000220032;1.11E-06;;;;;;;;;;;
29-Aug-03;1.44E-03;1.96E-05;9.27E-05;7.74E-07;0.00014866;4.48E-07;0.000304366;1.46E-05;0.000510627;6.08E-06;0.000638642;1.70E-05;0.001724727;4.59E-05;0.000411794;1.40E-06;4.75E-05;7.11E-07;;;;;;;;;;;
30-sept-03;-3.45E-04;2.28E-05;0.000126743;5.93E-07;1.18E-05;2.38E-07;0.000235856;1.63E-05;6.30E-05;4.22E-06;-0.000113183;9.86E-06;0.002106084;7.73E-05;0.000103478;1.52E-06;0.000217454;6.33E-07;;;;;;;;;;;
31-oct-03;7.97E-04;1.63E-05;9.16E-05;7.20E-07;-1.05E-05;1.71E-07;0.000389101;1.94E-05;1.99E-05;7.28E-06;0.00030744;8.76E-06;0.000205775;6.96E-05;0.000732952;5.50E-06;7.07E-05;3.97E-07;;;;;;;;;;;
28-nov-03;5.52E-04;1.11E-05;0.000103147;7.25E-07;-8.58E-06;1.54E-07;-1.41E-05;1.39E-05;0.000203402;6.12E-06;0.000373493;6.01E-06;0.001007511;7.16E-05;0.000183851;1.53E-06;0.000162265;4.18E-07;;;;;;;;;;;
31-Dec-03;5.60E-04;1.01E-05;0.0002491;5.52E-07;0.000223593;3.59E-07;0.00078711;1.03E-05;0.000473415;4.33E-06;0.000841702;6.29E-06;0.00049746;4.00E-05;0.000570859;2.03E-06;0.00034225;9.75E-07;;;;;;;;;;;
30-janv-04;8.01E-04;1.09E-05;0.000171178;7.23E-07;0.000216818;5.24E-07;0.001122851;7.47E-06;0.000828776;4.14E-06;0.000441774;4.05E-06;0.002246061;8.40E-05;0.000466756;5.47E-06;0.000383887;6.68E-07;;;;;;;;;;;
27-Feb-04;7.32E-04;1.19E-05;0.000346027;5.38E-07;0.000132519;4.60E-07;0.000623866;8.44E-06;0.000412364;4.63E-06;-2.30E-05;2.87E-06;-0.000268341;8.43E-05;0.000599367;7.53E-06;3.98E-05;6.61E-07;;;;;;;;;;;
31-mars-04;6.52E-05;1.30E-05;5.94E-05;1.42E-06;-1.33E-05;5.79E-07;-0.000322798;1.44E-05;-0.000174651;6.84E-06;6.02E-05;5.55E-06;-0.00068028;3.17E-05;0.000228245;9.24E-06;9.28E-05;7.27E-07;;;;;;;;;;;
30-Apr-04;-1.57E-04;1.07E-05;0.0002495;1.09E-06;3.96E-06;7.45E-07;-0.00055637;1.39E-05;0.000186139;4.70E-06;0.000303129;5.32E-06;-0.000433148;3.36E-05;0.000109087;1.27E-05;-0.000121859;1.01E-06;;;;;;;;;;;
31-May-04;0.00E+00;0.00E+00;0;0;0;0;0;0;0;0;0;0;0;0;0;0;0;0;;;;;;;;;;;
30-juin-04;6.76E-04;1.00E-05;0.000100646;6.38E-07;0.000126716;7.29E-07;0.000668046;7.59E-06;0.000142975;1.38E-06;0.000976444;5.69E-06;0.000651909;2.79E-05;0.000561765;2.40E-06;0.000241003;8.29E-07;;;;;;;;;;;
30-juil-04;-3.25E-04;9.55E-06;-0.000259115;5.81E-07;0.000128705;4.51E-07;-0.000200335;5.09E-06;-0.000402339;1.78E-06;0.000152751;4.70E-06;-0.001177808;2.65E-05;6.35E-05;5.05E-06;4.44E-05;6.71E-07;;;;;;;;;;;
31-Aug-04;1.21E-04;1.38E-05;-0.000171373;1.03E-06;-8.97E-05;6.42E-07;0.000275337;1.28E-05;-0.000211146;2.25E-06;8.10E-05;8.77E-06;-4.86E-06;2.15E-05;0.000221703;7.98E-06;-1.61E-05;1.03E-06;;;;;;;;;;;
30-sept-04;6.37E-04;6.89E-06;6.00E-05;7.73E-07;0.000347173;4.71E-07;0.000391099;1.01E-05;0.000196946;1.05E-06;0.000478574;4.68E-06;0.000762604;1.98E-05;0.000392871;3.83E-06;-1.38E-05;1.03E-06;;;;;;;;;;;
29-oct-04;4.69E-04;1.02E-05;7.08E-05;8.54E-07;0.000110679;9.47E-07;-6.19E-05;1.83E-05;3.76E-05;7.04E-06;0.000273095;7.24E-06;0.000774756;2.10E-05;-9.14E-05;7.04E-06;0.00012982;7.98E-07;;;;;;;;;;;
30-nov-04;1.24E-03;9.93E-06;0.000323099;9.80E-07;0.000222437;1.27E-06;0.000996956;1.33E-05;0.000318265;2.81E-06;0.000931206;6.19E-06;0.00137536;1.57E-05;0.000661057;2.78E-06;0.000215271;1.57E-06;;;;;;;;;;;
31-Dec-04;6.38E-04;8.91E-06;0.000245914;7.65E-07;0.000142844;9.08E-07;0.00062638;7.93E-06;0.000311184;1.12E-06;0.000120161;5.12E-06;0.000365888;1.23E-05;0.000270697;1.42E-06;8.51E-05;5.63E-07;;;;;;;;;;;
31-janv-05;-1.66E-04;8.43E-06;0.000138943;7.27E-07;5.51E-05;8.50E-07;-0.000673957;7.97E-06;-0.000146452;2.87E-06;-0.000469546;5.23E-06;-0.001068739;7.87E-06;-0.000197044;4.48E-06;0.000149619;1.05E-06;;;;;;;;;;;
28-Feb-05;5.51E-04;1.14E-05;0.000123801;1.06E-06;0.000607679;1.05E-06;-8.97E-05;1.18E-05;0.000209402;1.51E-06;0.000243456;3.43E-06;3.06E-05;1.00E-05;0.000574591;5.66E-06;0.000378322;1.42E-06;;;;;;;;;;;
31-mars-05;4.34E-04;1.06E-05;-5.66E-05;9.45E-07;0.000155542;2.01E-06;-0.000421945;1.15E-05;4.31E-05;1.27E-06;-0.000206763;3.43E-06;-0.000147515;5.62E-06;-2.73E-06;9.95E-06;0.00013293;3.43E-06;;;;;;;;;;;
29-Apr-05;-6.88E-04;2.26E-05;-8.62E-05;1.01E-06;-0.000106742;2.59E-06;-0.000432389;1.45E-05;0.000139797;1.40E-06;-0.000456547;6.20E-06;-0.000344283;6.11E-06;-0.000770432;1.05E-05;7.21E-05;2.11E-06;;;;;;;;;;;
31-May-05;8.21E-04;2.40E-05;9.45E-05;1.01E-06;0.000179692;2.63E-06;0.001024957;1.98E-05;0.00022653;1.48E-06;0.000409561;6.31E-06;0.000739867;3.64E-06;0.000390204;9.08E-06;0.000199778;1.04E-06;;;;;;;;;;;
30-juin-05;1.20E-03;1.74E-05;4.80E-05;4.35E-07;0.000494948;1.31E-06;0.00065618;5.26E-06;3.59E-05;7.08E-07;9.11E-05;3.16E-06;0.000383918;3.45E-06;6.93E-05;2.08E-06;0.000367584;7.85E-07;;;;;;;;;;;
29-juil-05;1.37E-03;1.54E-05;0.000196912;7.36E-07;0.000333271;2.62E-06;0.000668796;5.18E-06;0.000157391;1.12E-06;0.000505238;3.63E-06;0.000505665;4.11E-06;0.000172423;1.44E-06;0.000265186;1.38E-06;;;;;;;;;;;
31-Aug-05;-1.08E-03;1.20E-05;-9.63E-06;6.17E-07;0.000296958;2.54E-06;-0.000466712;5.91E-06;0.000164347;1.22E-06;-0.000167475;2.72E-06;-0.000152747;2.02E-06;-6.77E-05;9.36E-07;-5.11E-05;2.13E-06;;;;;;;;;;;
30-sept-05;-8.83E-04;2.58E-05;-8.08E-05;6.57E-07;0.00063836;3.15E-06;-2.06E-05;9.94E-06;-7.41E-05;8.39E-07;5.78E-05;3.07E-06;0.000301128;3.27E-06;-0.000228659;1.06E-06;0.000401934;2.47E-06;;;;;;;;;;;
31-oct-05;-1.23E-03;4.27E-05;-3.93E-05;1.11E-06;-0.000200169;7.37E-06;7.43E-05;1.73E-05;-0.000384548;3.13E-06;-0.000178464;5.24E-06;-8.78E-05;4.43E-06;-0.000101346;1.73E-06;-0.00030688;4.22E-06;;;;;;;;;;;
30-nov-05;9.93E-04;3.77E-05;0.000123504;7.04E-07;0.000104501;6.31E-06;0.00142167;1.18E-05;7.21E-05;4.18E-06;0.000459643;4.03E-06;0.000808082;4.61E-06;0.000425749;1.09E-06;9.12E-05;2.57E-06;;;;;;;;;;;
30-Dec-05;1.17E-03;1.78E-05;0.000121059;2.71E-07;0.00033355;3.55E-06;0.000293555;6.66E-06;-0.000106703;2.95E-06;0.000287894;2.13E-06;0.000345584;4.23E-06;0.000292424;7.87E-07;5.75E-05;8.00E-07;;;;;;;;;;;
31-janv-06;6.17E-04;2.13E-05;0.000136962;3.26E-07;0.000494938;5.06E-06;0.000195242;1.02E-05;8.75E-05;1.47E-06;0.00010711;2.26E-06;0.000605618;9.88E-06;0.000567757;2.12E-06;0.00013578;1.38E-06;;;;;;;;;;;
28-Feb-06;-2.25E-04;2.69E-05;0.00012235;3.00E-07;-0.000114463;4.67E-06;0.000188119;1.23E-05;0.000356317;1.88E-06;0.000278052;2.61E-06;0.000118341;9.02E-06;0.000362219;2.62E-06;9.64E-05;1.57E-06;;;;;;;;;;;
31-mars-06;1.65E-04;8.48E-06;0.000155116;4.01E-07;0.00036549;3.21E-06;0.000272072;8.65E-06;3.67E-05;1.36E-06;0.000472682;2.74E-06;0.000671802;6.52E-06;0.000442336;1.91E-06;1.19E-05;7.25E-07;;;;;;;;;;;
28-Apr-06;1.59E-04;7.96E-06;5.70E-05;2.75E-07;0.000289489;3.01E-06;0.000141012;9.28E-06;-0.00037961;1.10E-06;0.000292217;2.86E-06;9.24E-05;5.97E-06;0.000210949;2.94E-06;4.68E-05;1.20E-06;;;;;;;;;;;
31-May-06;-2.82E-04;8.43E-06;0.000193388;7.94E-07;-0.000165161;4.42E-06;-9.16E-05;1.61E-05;-5.92E-05;1.83E-06;-1.54E-05;5.08E-06;-0.000722182;9.04E-06;-0.000302249;5.11E-06;0.000306759;1.54E-06;;;;;;;;;;;
30-juin-06;2.49E-05;1.41E-05;0.000153385;8.66E-07;0.000216717;1.02E-05;3.47E-05;1.94E-05;1.64E-05;1.74E-06;-9.56E-05;7.68E-06;-0.000311845;1.35E-05;0.000126286;8.66E-06;0.000180671;1.53E-06;;;;;;;;;;;
31-juil-06;-4.04E-04;1.58E-05;0.000229349;8.46E-07;0.000323257;7.02E-06;0.000536289;1.77E-05;5.48E-05;2.67E-06;-0.000318792;7.86E-06;-0.000358817;7.30E-06;6.46E-05;3.92E-06;0.000376096;1.22E-06;;;;;;;;;;;
31-Aug-06;3.95E-04;1.23E-05;0.000121218;5.98E-07;-0.00012829;3.75E-06;0.000577698;8.28E-06;0.000182202;1.16E-06;-0.000103899;4.68E-06;0.000698724;7.75E-06;-4.97E-05;2.80E-06;0.000235056;6.15E-07;;;;;;;;;;;
29-sept-06;8.74E-04;7.71E-06;0.000176861;3.03E-07;-0.000305411;4.38E-06;0.000745335;5.47E-06;0.000157119;6.96E-07;0.000182939;2.27E-06;0.000666585;4.69E-06;9.04E-05;1.64E-06;5.29E-06;6.13E-07;;;;;;;;;;;
31-oct-06;8.04E-04;6.28E-06;0.000121527;2.87E-07;0.000165776;4.78E-06;0.000533936;7.73E-06;6.38E-05;8.47E-07;0.000430759;2.17E-06;0.000376021;4.21E-06;0.000462591;1.93E-06;0.000503695;1.52E-06;;;;;;;;;;;
30-nov-06;3.41E-04;6.87E-06;9.86E-05;3.57E-07;0.000405667;3.40E-06;0.000205656;1.18E-05;0.000172515;2.58E-06;0.000174645;1.88E-06;0.000266199;4.00E-06;0.000343067;1.67E-06;0.00055501;1.81E-06;;;;;;;;;;;
29-Dec-06;1.12E-04;3.94E-06;0.000152626;3.24E-07;0.000111385;2.41E-06;0.000719236;8.80E-06;0.000317623;1.69E-06;0.000381808;4.23E-06;-9.32E-05;2.84E-06;0.000288441;2.59E-06;0.000522126;1.22E-06;;;;;;;;;;;
31-janv-07;1.94E-04;4.21E-06;8.65E-05;1.84E-07;-0.000156996;3.62E-06;0.000597993;7.93E-06;0.000187076;8.73E-07;0.000193704;3.76E-06;7.17E-05;2.50E-06;0.000278502;1.62E-06;0.000306823;1.25E-06;;;;;;;;;;;
28-Feb-07;-2.07E-04;9.30E-06;1.03E-05;7.46E-07;0.000196996;2.49E-06;-0.000157657;2.16E-05;3.87E-05;8.74E-07;0.000231348;8.03E-06;-0.000107322;4.87E-06;0.000327181;3.56E-06;8.16E-05;1.63E-06;;;;;;;;;;;
30-mars-07;-5.79E-04;1.13E-05;4.41E-05;1.14E-06;0.000251014;2.37E-06;-0.001057551;5.64E-05;-6.97E-05;1.09E-06;-6.11E-06;1.04E-05;-0.000139456;6.06E-06;0.000220241;5.77E-06;5.46E-05;2.10E-06;;;;;;;;;;;
30-Apr-07;4.87E-04;4.59E-06;0.00038283;4.69E-07;0.00051316;1.55E-06;0.001268848;2.18E-05;0.000302165;3.94E-07;0.000814594;3.49E-06;0.000512308;1.94E-06;0.000367898;1.37E-06;0.00029047;7.05E-07;;;;;;;;;;;
31-May-07;7.63E-05;3.96E-06;0.000197908;4.94E-07;0.000500089;2.19E-06;0.000471122;1.73E-05;0.000106198;3.79E-07;0.000666701;3.92E-06;0.000409378;2.95E-06;0.000182471;2.13E-06;-6.25E-05;1.11E-06;;;;;;;;;;;
29-juin-07;-1.54E-04;4.39E-06;-4.27E-05;8.58E-07;0.00026071;3.78E-06;-0.000870928;2.67E-05;-6.90E-05;4.73E-07;0.000234786;6.47E-06;0.000141187;4.45E-06;-7.45E-05;2.63E-06;-0.000309611;2.61E-06;;;;;;;;;;;
31-juil-07;-7.38E-04;5.68E-06;-0.000196679;1.33E-06;-0.000125278;3.82E-06;-0.00176141;3.52E-05;-0.000153236;1.14E-06;2.79E-06;1.32E-05;-0.000151848;7.86E-06;-0.000151356;3.51E-06;-0.000279424;2.60E-06;;;;;;;;;;;
31-Aug-07;-6.53E-04;1.27E-05;-0.000182827;2.82E-06;-0.000325954;6.62E-06;-0.001089682;0.000126433;-0.000101903;4.46E-06;-0.00092053;2.78E-05;-0.0005974;1.58E-05;-0.000527343;6.81E-06;-0.000342896;6.44E-06;;;;;;;;;;;
28-sept-07;2.94E-04;8.61E-06;0.000262302;1.35E-06;0.000777628;6.63E-06;0.001995883;9.43E-05;0.000366371;2.02E-06;0.001094713;1.97E-05;0.000778056;7.23E-06;0.000772905;6.41E-06;0.000370048;3.74E-06;;;;;;;;;;;
31-oct-07;-1.79E-04;3.86E-06;7.48E-06;6.60E-07;0.000387191;7.47E-06;-0.000355137;4.26E-05;6.64E-05;1.34E-06;0.0002014;1.40E-05;0.000368181;5.66E-06;0.000111006;3.11E-06;0.000132781;1.61E-06;;;;;;;;;;;
30-nov-07;-5.08E-04;8.55E-06;0.000150304;2.47E-06;-0.000168645;1.89E-05;-0.001241062;0.000120108;7.86E-05;1.67E-06;-0.000912315;0.000105947;-0.000281272;1.46E-05;-6.24E-05;7.86E-06;9.86E-05;1.84E-06;;;;;;;;;;;
31-Dec-07;2.17E-04;1.20E-05;8.10E-05;1.78E-06;0.000592097;1.28E-05;-0.000439309;8.87E-05;0.000119166;1.30E-06;0.001491302;8.45E-05;0.00029763;1.07E-05;0.000129092;5.19E-06;2.72E-05;1.52E-06;;;;;;;;;;;
31-janv-08;-4.71E-04;2.43E-05;-0.000444847;2.21E-06;-0.000371443;1.56E-05;-0.000426979;0.000121763;-0.000189692;2.49E-06;-0.001959043;9.29E-05;-0.00083683;1.49E-05;-0.000341312;5.84E-06;-0.000250322;3.54E-06;;;;;;;;;;;
29-Feb-08;4.22E-04;1.92E-05;0.000163262;2.89E-06;0.000720908;2.18E-05;0.000597795;0.000109583;-0.000112586;4.50E-06;0.001006548;7.75E-05;0.000279722;1.45E-05;0.000432789;5.44E-06;-0.000416254;3.68E-06;;;;;;;;;;;
31-mars-08;-1.73E-05;3.02E-05;0.000137236;2.20E-06;6.68E-05;2.12E-05;-0.00015319;0.000156642;-0.000198651;3.46E-06;0.000105318;0.000103268;-0.000375521;1.43E-05;2.11E-05;1.11E-05;-0.000229422;2.88E-06;;;;;;;;;;;
30-Apr-08;1.31E-03;2.80E-05;0.000324218;1.27E-06;0.000918998;1.60E-05;0.002390525;0.000131822;0.000226152;1.39E-06;0.001474812;8.31E-05;0.000905027;1.46E-05;0.000470011;8.37E-06;0.00015803;1.34E-06;;;;;;;;;;;
30-May-08;2.67E-05;1.21E-05;0.000172272;1.25E-06;0.000411817;1.46E-05;0.000279162;3.37E-05;0.00019856;9.88E-07;0.000947661;4.31E-05;0.000836748;7.55E-06;0.000178394;5.09E-06;0.000157204;2.93E-06;;;;;;;;;;;
30-juin-08;-1.23E-03;1.60E-05;-0.000405125;2.29E-06;0.000405781;2.67E-05;-0.00192311;3.89E-05;-0.000171859;1.48E-06;-0.002420383;3.96E-05;-0.000701262;9.53E-06;-0.000397644;6.43E-06;9.17E-05;5.46E-06;;;;;;;;;;;
31-juil-08;-3.38E-04;2.53E-05;-3.68E-05;2.33E-06;-0.000869058;3.15E-05;-0.000475836;0.000135128;0.000183375;1.94E-06;-0.000739043;3.75E-05;-0.00023773;1.00E-05;-0.000379395;7.77E-06;-0.000347578;3.16E-06;;;;;;;;;;;
29-Aug-08;7.16E-04;3.09E-05;5.61E-05;2.61E-06;-8.02E-05;3.57E-05;0.000689829;0.000107014;0.000317878;2.29E-06;0.000212059;2.70E-05;0.000430389;7.62E-06;-7.23E-05;8.49E-06;-2.39E-05;3.13E-06;;;;;;;;;;;
30-sept-08;-1.05E-03;2.73E-05;-0.000415437;6.07E-06;-0.00098192;6.07E-05;-0.000968288;0.000366896;-0.000624893;5.68E-06;-0.001528819;4.07E-05;-0.00147716;2.74E-05;-0.000695609;8.66E-06;-0.000565531;5.28E-06;;;;;;;;;;;
31-oct-08;-1.79E-03;9.21E-05;-0.000556638;2.88E-05;-0.001065357;0.000200127;-0.002028264;0.001492441;-0.000823899;3.45E-05;-0.002220311;0.000168221;-0.001538534;9.98E-05;-0.000804443;1.83E-05;-0.000555597;3.84E-05;;;;;;;;;;;
28-nov-08;-4.47E-05;8.95E-05;0.000247162;2.69E-05;0.001576281;0.000164123;-0.000239194;0.000464424;-0.000283253;3.09E-05;0.000838144;0.000167913;-9.40E-05;8.66E-05;0.000149034;1.77E-05;0.000875682;5.36E-05;;;;;;;;;;;
31-Dec-08;1.09E-03;7.27E-05;0.000227934;1.86E-05;0.000299747;8.37E-05;0.003132101;0.001456697;0.000221319;2.64E-05;0.001257949;0.000128521;0.000606452;5.28E-05;0.000390108;1.18E-05;0.000704697;2.98E-05;;;;;;;;;;;
30-janv-09;3.50E-04;3.39E-05;0.000437764;5.90E-06;0.000388104;3.69E-05;0.000655102;0.000731875;0.000543463;1.02E-05;1.41E-05;6.04E-05;0.000418832;3.37E-05;-9.45E-05;1.57E-05;0.000763235;1.11E-05;;;;;;;;;;;
27-Feb-09;-2.85E-04;3.44E-05;-0.000695598;1.33E-05;-0.000475245;3.54E-05;-0.00153822;0.000707367;-0.000421701;1.28E-05;-0.00147029;5.15E-05;-0.000305315;4.71E-05;-0.000795815;1.47E-05;-0.000617129;1.16E-05;;;;;;;;;;;
31-mars-09;5.82E-04;4.90E-05;-0.000292823;1.44E-05;-0.000286465;4.00E-05;8.23E-06;0.00079206;-0.000585381;2.18E-05;-0.000433707;0.000102687;4.92E-05;6.16E-05;0.000165312;5.06E-06;-0.000441128;1.00E-05;;;;;;;;;;;
30-Apr-09;2.03E-03;4.18E-05;0.000422101;6.88E-06;0.000710278;2.66E-05;0.003689752;0.000373847;0.00050605;5.51E-06;0.001759646;7.68E-05;0.001521413;4.32E-05;0.001560473;2.74E-05;0.000353072;3.98E-06;;;;;;;;;;;
29-May-09;5.23E-05;2.16E-05;0.000538888;3.75E-06;0.001238367;3.00E-05;0.001414142;0.000246491;0.000319475;3.98E-06;0.000561086;3.51E-05;0.001021698;2.28E-05;0.001613132;4.65E-05;0.000516185;6.05E-06;;;;;;;;;;;
30-juin-09;2.21E-04;1.79E-05;0.000389571;3.29E-06;7.95E-05;1.64E-05;0.000911264;7.93E-05;0.000437661;5.40E-06;0.000632573;3.10E-05;0.000610679;1.27E-05;0.000715624;2.18E-05;0.000420555;3.67E-06;;;;;;;;;;;
31-juil-09;7.77E-04;7.49E-06;0.000514671;2.69E-06;0.00010214;1.21E-05;0.001617125;6.40E-05;0.000646946;4.51E-06;0.000996686;0.000141113;0.000981338;1.32E-05;0.000774759;1.41E-05;0.000275729;2.60E-06;;;;;;;;;;;
31-Aug-09;7.59E-04;5.32E-06;0.000301347;1.09E-06;0.000430579;7.59E-06;0.002613798;5.08E-05;0.000561952;2.10E-06;0.001746313;7.83E-05;0.000706643;6.86E-06;0.000814345;8.91E-06;0.000409735;2.11E-06;;;;;;;;;;;
30-sept-09;8.45E-04;5.70E-06;0.000352605;9.76E-07;0.000681717;7.71E-06;0.001323192;5.20E-05;0.000283496;1.68E-06;0.001685915;6.87E-05;0.00073001;5.90E-06;0.000608497;7.90E-06;0.000180366;1.53E-06;;;;;;;;;;;
30-oct-09;7.88E-05;7.50E-06;0.000288844;1.15E-06;0.000220973;1.18E-05;-0.000461092;5.56E-05;-7.35E-05;2.07E-06;-0.000885495;6.66E-05;-0.000166978;1.15E-05;-0.000478491;5.74E-06;-5.75E-06;1.82E-06;;;;;;;;;;;
30-nov-09;5.97E-05;1.03E-05;9.52E-05;1.63E-06;-0.000370751;1.07E-05;-0.000428312;3.74E-05;0.000223176;2.67E-06;-3.20E-05;1.09E-05;-0.000278423;1.27E-05;-0.000439881;7.12E-06;-1.09E-05;1.62E-06;;;;;;;;;;;
31-Dec-09;2.08E-04;2.43E-06;8.50E-05;1.10E-06;0.000139092;5.55E-06;0.000191867;1.46E-05;0.000282295;1.52E-06;-1.39E-05;3.61E-06;0.000917527;1.72E-05;0.00024584;4.15E-06;0.000274058;1.42E-06;;;;;;;;;;;
29-janv-10;-7.05E-05;2.38E-06;-4.83E-05;9.93E-07;0.000140092;5.57E-06;5.08E-05;1.76E-05;-3.82E-05;2.31E-06;-8.56E-05;5.18E-06;-0.000920804;1.61E-05;-0.000520671;8.32E-06;-0.000128719;3.19E-06;;;;;;;;;;;
26-Feb-10;1.63E-04;3.41E-06;0.000169865;2.53E-06;-0.00029316;9.23E-06;-5.05E-05;2.72E-05;-7.97E-05;3.08E-06;-0.000106018;7.36E-06;-0.000528952;2.85E-05;-0.000283886;1.67E-05;-7.41E-05;6.80E-06;;;;;;;;;;;
31-mars-10;8.11E-04;1.44E-06;0.000470948;9.87E-07;-0.000229822;4.05E-06;0.001263584;7.40E-06;0.000321834;7.72E-07;0.000949368;2.55E-06;0.000693472;7.48E-06;0.001438883;7.67E-06;-1.49E-05;3.65E-06;;;;;;;;;;;
30-Apr-10;8.67E-04;5.61E-06;6.95E-05;7.97E-07;6.39E-05;6.50E-06;0.000666759;1.76E-05;4.08E-05;9.24E-07;0.000800399;6.28E-06;0.001002875;1.48E-05;0.000124803;6.91E-06;0.000178979;3.73E-06;;;;;;;;;;;
31-May-10;0.00E+00;0.00E+00;0;0;0;0;0;0;0;0;0;0;0;0;0;0;0;0;;;;;;;;;;;
30-juin-10;-7.25E-04;2.23E-05;-0.000220592;4.74E-06;-0.000351559;1.91E-05;-0.000995203;6.01E-05;-0.000220711;4.37E-06;-0.000699922;2.42E-05;-0.000757236;6.44E-05;-0.000274474;8.54E-06;-0.000331922;1.14E-05;;;;;;;;;;;
30-juil-10;-3.54E-04;1.50E-05;1.02E-05;2.81E-06;-0.000331813;6.87E-06;0.00011295;3.51E-05;-0.000315589;2.09E-06;0.000257554;1.52E-05;0.000126407;2.75E-05;9.79E-05;7.58E-06;1.53E-05;7.39E-06;;;;;;;;;;;
31-Aug-10;1.02E-04;1.45E-05;-5.05E-05;1.89E-06;-0.000204551;4.17E-06;-0.00022166;2.32E-05;-0.000160327;2.58E-06;0.000149308;1.20E-05;-4.78E-05;1.72E-05;0.000432808;5.92E-06;-0.000126601;4.73E-06;;;;;;;;;;;
30-sept-10;9.54E-04;1.53E-05;0.00021843;1.24E-06;0.000184574;3.86E-06;0.000313389;2.54E-05;0.000231849;2.43E-06;0.000601352;1.30E-05;0.001515527;1.66E-05;0.000193853;3.52E-06;7.60E-05;9.98E-07;;;;;;;;;;;
29-oct-10;8.76E-04;6.69E-06;0.00021389;9.73E-07;0.000472558;3.18E-06;0.000271794;1.08E-05;0.000285017;1.33E-06;0.000456105;5.36E-06;0.000836424;1.45E-05;0.000196566;3.08E-06;0.00017376;8.55E-07;;;;;;;;;;;
30-nov-10;6.63E-04;7.60E-06;-3.64E-05;9.60E-07;0.000425634;5.29E-06;1.46E-05;1.25E-05;4.11E-05;1.14E-06;0.000172458;7.15E-06;0.000177084;1.41E-05;0.00013506;3.54E-06;0.000128461;1.46E-06;;;;;;;;;;;
31-Dec-10;5.19E-04;3.98E-06;0.000219748;6.31E-07;0.000689426;3.69E-06;0.000938983;8.37E-06;0.000250246;9.49E-07;0.000924539;5.00E-06;0.000889359;1.65E-05;0.000651244;1.58E-06;0.000187724;5.94E-07;;;;;;;;;;;
31-janv-11;-1.15E-04;2.89E-06;0.000842765;2.86E-05;0.000644001;2.75E-06;0.000595547;7.56E-06;0.000207743;7.30E-07;0.000321155;3.69E-06;0.000322052;1.52E-05;0.000298218;3.51E-06;7.60E-05;4.96E-07;;;;;;;;;;;
28-Feb-11;3.47E-04;5.29E-06;0.002788897;6.68E-05;0.001280559;1.35E-05;0.00052975;1.02E-05;0.000182474;1.15E-06;0.000152517;7.57E-06;0.000258068;2.20E-05;0.000216042;9.22E-06;5.73E-05;5.87E-07;;;;;;;;;;;
31-mars-11;-1.03E-04;6.88E-06;0.001691257;3.69E-05;0.000937885;2.13E-05;2.99E-05;1.92E-05;0.000188298;1.85E-06;8.54E-05;1.32E-05;-0.000563509;1.90E-05;0.0001054;6.90E-06;-4.77E-06;1.24E-06;;;;;;;;;;;
29-Apr-11;6.94E-04;3.91E-06;0.001431492;2.52E-05;0.000526895;6.46E-06;0.000898862;5.98E-06;0.000585368;7.29E-07;0.000704636;3.40E-06;0.00058352;1.04E-05;0.000464941;2.09E-06;0.000269298;9.57E-07;;;;;;;;;;;
31-May-11;3.05E-04;3.71E-06;0.000810878;2.01E-05;0.00014152;7.77E-06;9.51E-05;8.24E-06;0.000330612;1.18E-06;0.00010371;3.94E-06;0.000469458;1.03E-05;9.28E-05;4.05E-06;0.000344737;1.07E-06;;;;;;;;;;;
30-juin-11;7.15E-05;8.25E-06;0.00108669;2.59E-05;0.000456212;1.88E-05;-0.00018462;1.54E-05;-3.94E-05;1.93E-06;-5.06E-05;6.81E-06;-1.37E-05;2.01E-05;0.000173231;3.47E-06;-1.69E-05;4.48E-07;;;;;;;;;;;
29-juil-11;7.25E-04;8.23E-06;0.000970912;2.34E-05;0.001278847;1.90E-05;0.000215518;1.19E-05;-8.02E-05;1.97E-06;-9.80E-05;6.75E-06;-9.61E-06;1.64E-05;0.000217015;2.81E-06;0.000133159;5.94E-07;;;;;;;;;;;
31-Aug-11;-4.47E-04;5.58E-05;0.000739964;3.10E-05;-0.000746123;3.71E-05;-0.000878145;0.000139533;-0.000417126;1.47E-05;-0.00071674;3.84E-05;-0.001314901;6.44E-05;-0.000306028;1.52E-05;4.51E-05;6.32E-06;;;;;;;;;;;
30-sept-11;1.65E-04;2.73E-05;0.001398768;3.75E-05;-0.000673643;1.84E-05;-0.000231004;7.08E-05;6.11E-05;8.99E-06;-0.000156926;2.36E-05;-5.58E-05;4.39E-05;-0.000674996;1.20E-05;0.000150446;6.19E-06;;;;;;;;;;;
31-oct-11;6.09E-04;3.18E-05;0.00131399;3.30E-05;0.000632542;2.96E-05;0.000606255;8.27E-05;0.000229416;6.77E-06;0.000498179;2.42E-05;0.001314757;4.40E-05;1.00E-05;2.66E-05;0.000550951;6.73E-06;;;;;;;;;;;
30-nov-11;3.73E-05;2.15E-05;0.001188219;2.64E-05;0.000546552;5.21E-05;0.000192748;4.81E-05;0.000164422;5.64E-06;0.00019219;1.79E-05;0.000155204;4.32E-05;9.15E-05;1.35E-05;0.000407993;5.18E-06;;;;;;;;;;;
30-Dec-11;-4.05E-05;1.64E-05;7.55E-05;3.58E-06;-0.0002395;3.31E-05;0.000249778;2.77E-05;7.19E-05;5.16E-06;-2.37E-05;1.23E-05;-0.000373216;3.37E-05;-0.000282353;8.87E-06;8.35E-05;2.65E-06;;;;;;;;;;;
31-janv-12;9.06E-04;5.56E-06;0.000209069;9.61E-07;0.000364362;5.46E-06;0.001030661;8.85E-06;0.000535784;1.83E-06;0.000842674;4.36E-06;0.000941633;1.60E-05;0.000880338;5.36E-06;0.000450916;5.41E-06;;;;;;;;;;;
29-Feb-12;8.81E-04;3.06E-06;0.000126864;2.86E-07;0.000660364;2.76E-06;0.000643065;5.09E-06;0.000305914;8.19E-07;0.000385469;2.20E-06;0.001307275;8.00E-06;0.000448244;3.00E-06;0.000271581;5.76E-06;;;;;;;;;;;
30-mars-12;7.51E-04;4.61E-06;0.000287371;5.14E-07;-0.000245806;3.39E-06;0.000596907;8.34E-06;0.000251167;1.14E-06;0.000154586;2.98E-06;0.000594351;6.69E-06;0.000316046;5.18E-06;-0.00013539;8.95E-07;;;;;;;;;;;
30-Apr-12;2.87E-04;8.59E-06;0.000198858;1.12E-06;-0.000162253;3.83E-06;7.56E-05;8.86E-06;8.05E-05;1.84E-06;-0.000157529;3.50E-06;0.000159858;8.62E-06;0.000213591;7.50E-06;0.000118643;1.09E-06;;;;;;;;;;;
31-May-12;-4.62E-04;1.23E-05;-1.62E-06;7.45E-07;-0.000328927;3.78E-06;-0.000573489;7.61E-06;-0.000134283;1.52E-06;-0.00044052;3.03E-06;-0.000731105;1.03E-05;-0.000483989;7.34E-06;0.000106115;7.46E-07;;;;;;;;;;;
29-juin-12;-3.55E-04;1.48E-05;-4.32E-05;1.19E-06;6.16E-05;6.18E-06;0.000138348;1.53E-05;0.000347978;3.02E-06;-9.06E-05;6.30E-06;-0.000372407;1.96E-05;0.000306169;1.43E-05;0.000163253;8.74E-07;;;;;;;;;;;
31-juil-12;8.90E-06;9.52E-06;0.000121541;1.16E-06;0.000517507;5.78E-06;0.000417995;9.41E-06;6.12E-05;2.80E-06;0.000233159;6.66E-06;0.000333721;2.85E-05;0.000524009;6.16E-06;0.00016351;9.42E-07;;;;;;;;;;;
31-Aug-12;1.56E-04;7.29E-06;8.23E-05;1.05E-06;0.00024113;2.91E-06;0.000256881;4.62E-06;-0.000220287;1.99E-06;6.89E-05;2.85E-06;0.000514539;1.47E-05;-1.56E-05;3.13E-06;-0.000141503;6.56E-07;;;;;;;;;;;
28-sept-12;2.96E-04;3.71E-06;9.42E-05;8.55E-07;0.000285861;3.04E-06;0.000293807;4.45E-06;0.000121074;1.40E-06;5.32E-05;1.94E-06;0.000231408;8.61E-06;0.000186904;3.84E-06;-3.31E-05;4.30E-07;;;;;;;;;;;
31-oct-12;-3.51E-04;3.88E-06;-1.00E-05;4.78E-07;-0.000229415;3.59E-06;-0.00023593;4.11E-06;7.04E-05;1.52E-06;-0.000190228;2.42E-06;-0.000597043;3.42E-06;-0.000334931;3.32E-06;6.80E-05;4.42E-07;;;;;;;;;;;
30-nov-12;2.48E-04;8.89E-06;-1.54E-05;1.31E-06;-3.56E-05;3.84E-06;-1.80E-05;6.13E-06;-8.08E-05;2.08E-06;0.000252373;5.02E-06;-0.000228443;5.41E-06;0.000158491;5.82E-06;-0.000182427;8.53E-07;;;;;;;;;;;
31-Dec-12;4.08E-04;5.54E-06;0.000156845;6.79E-07;0.000122092;2.30E-06;0.000514851;4.12E-06;0.000206399;1.17E-06;0.000448303;2.24E-06;0.000503662;5.08E-06;0.000610339;3.66E-06;3.41E-05;6.44E-07;;;;;;;;;;;
31-janv-13;7.96E-04;4.79E-06;0.000228545;9.35E-07;0.000644284;2.89E-06;0.000830336;5.01E-06;0.000299014;1.15E-06;0.000570799;2.96E-06;0.00088574;9.07E-06;0.000562873;2.82E-06;0.000220931;7.38E-07;;;;;;;;;;;
28-Feb-13;5.53E-04;1.19E-05;0.000280534;5.55E-07;0.000514942;3.83E-06;0.000302503;5.19E-06;0.000277488;9.34E-07;0.000260776;2.76E-06;0.000164158;4.29E-06;-0.000137081;4.15E-06;0.000223333;4.71E-07;;;;;;;;;;;
29-mars-13;0.00E+00;0.00E+00;0;0;0;0;0;0;0;0;0;0;0;0;0;0;0;0;;;;;;;;;;;
30-Apr-13;4.43E-04;2.00E-05;0.000275992;1.43E-06;-6.61E-05;4.85E-06;0.000450207;1.13E-05;0.000306259;1.87E-06;6.21E-05;4.41E-06;9.37E-05;4.20E-06;-6.95E-05;2.03E-06;0.000577838;2.67E-06;;;;;;;;;;;
31-May-13;8.04E-04;5.56E-06;3.99E-05;1.06E-06;0.00062221;2.55E-06;0.000995387;7.05E-06;0.000394997;1.58E-06;0.00061823;2.59E-06;0.000712272;2.98E-06;0.000358498;1.26E-06;-0.000172628;8.08E-07;;;;;;;;;;;
28-juin-13;8.18E-05;3.17E-05;-0.000200976;2.13E-06;-0.000106093;4.40E-06;-0.000230942;1.38E-05;-8.73E-05;3.38E-06;-6.94E-05;4.64E-06;4.40E-05;4.86E-06;-0.000158499;1.25E-06;-0.000181245;1.43E-06;;;;;;;;;;;
31-juil-13;6.88E-04;1.46E-05;0.000117596;1.36E-06;5.88E-05;2.85E-06;0.000364734;9.38E-06;0.000241626;2.35E-06;0.000284488;4.01E-06;0.000246036;5.12E-06;9.04E-06;1.21E-06;0.000248354;1.99E-06;;;;;;;;;;;
30-Aug-13;-7.52E-05;1.33E-05;-0.000175919;5.50E-07;9.78E-05;2.66E-06;-0.000513089;4.81E-06;-0.000131451;1.35E-06;-9.21E-05;2.39E-06;-0.000246123;3.48E-06;-3.74E-05;9.19E-07;-0.000123406;1.02E-06;;;;;;;;;;;
30-sept-13;3.20E-04;1.16E-05;2.42E-06;5.54E-07;0.00018169;1.77E-06;0.00021782;5.75E-06;0.00029274;1.54E-06;0.000418609;3.57E-06;0.000273637;2.51E-06;0.000374621;1.57E-06;1.72E-05;9.26E-07;;;;;;;;;;;
31-oct-13;2.19E-04;1.40E-05;0.000154129;9.71E-07;0.000203376;2.20E-06;0.000199305;7.11E-06;0.000503102;8.77E-06;0.000328661;5.44E-06;0.000221401;2.77E-06;0.000178061;2.12E-06;8.24E-05;8.19E-07;;;;;;;;;;;
29-nov-13;1.29E-03;1.35E-05;0.000213909;7.40E-07;0.000138125;1.83E-06;0.000329508;3.59E-06;0.000778828;7.48E-06;0.000807031;3.61E-06;0.00044723;1.94E-06;8.59E-05;6.41E-07;2.83E-05;4.65E-07;;;;;;;;;;;
31-Dec-13;3.65E-04;8.08E-06;1.03E-05;5.93E-07;0.000137738;9.43E-07;0.000296482;4.27E-06;0.000271434;2.07E-06;0.000577082;3.23E-06;0.000588422;2.11E-06;9.89E-05;6.90E-07;-2.72E-05;2.61E-07;;;;;;;;;;;
31-janv-14;-2.73E-04;7.81E-06;-4.11E-05;7.35E-07;7.21E-05;2.36E-06;0.000105464;6.78E-06;0.000455184;3.75E-06;0.000123569;7.85E-06;0.000338589;4.92E-06;6.92E-05;1.02E-06;0.000195591;7.03E-07;;;;;;;;;;;
28-Feb-14;3.90E-03;2.69E-04;2.14E-05;8.06E-07;0.000228713;3.01E-06;7.22E-07;8.09E-06;0.000306174;4.17E-06;0.000263742;1.04E-05;0.000436479;1.06E-05;0.000145476;1.26E-06;0.000171587;2.65E-07;;;;;;;;;;;
31-mars-14;4.48E-05;5.02E-06;0.000180926;3.54E-07;0.00082366;5.20E-06;0.00022397;3.98E-06;-7.09E-05;2.75E-06;0.00013397;4.57E-06;9.85E-05;3.98E-06;0.000156395;5.36E-07;0.00010417;3.40E-07;;;;;;;;;;;
30-Apr-14;-4.55E-04;1.32E-05;0.000105546;4.26E-07;0.000625282;7.30E-06;0.000102916;5.39E-06;-0.000271053;4.94E-06;8.53E-05;5.32E-06;-0.000126253;7.94E-06;5.39E-05;9.84E-07;0.000172653;4.09E-07;;;;;;;;;;;
30-May-14;3.91E-04;8.77E-06;0.000185962;4.19E-07;0.000385072;5.84E-06;0.000398643;2.94E-06;0.000585201;2.82E-06;0.000401468;2.90E-06;0.000217674;3.61E-06;0.000176104;5.93E-07;0.000323273;2.93E-06;;;;;;;;;;;
30-juin-14;5.34E-03;1.07E-04;0.000143432;3.05E-07;0.000726714;4.28E-06;0.000483652;1.60E-06;0.000837497;2.16E-06;0.000221883;2.10E-06;0.00068517;2.02E-06;0.000111405;2.61E-07;0.000488479;2.45E-06;;;;;;;;;;;
31-juil-14;3.54E-04;8.60E-06;-2.96E-05;2.86E-07;-8.03E-05;6.55E-06;0.000220787;4.15E-06;0.000427918;2.25E-06;-0.000190519;2.26E-06;0.000320335;2.32E-06;8.95E-05;3.93E-07;-1.38E-05;5.83E-07;;;;;;;;;;;
29-Aug-14;2.99E-04;4.41E-06;0.000126686;8.75E-07;-0.000144835;7.82E-06;0.000369888;8.34E-06;0.000378032;2.43E-06;5.82E-05;3.50E-06;0.000233085;2.70E-06;0.000113397;6.44E-07;6.68E-05;6.29E-07;;;;;;;;;;;
30-sept-14;-2.03E-04;6.45E-06;7.73E-05;5.69E-07;-0.000225524;1.98E-06;0.000195469;6.19E-06;0.00027764;1.94E-06;4.65E-06;1.75E-06;8.94E-05;3.57E-06;7.53E-05;4.00E-07;5.41E-05;4.99E-07;;;;;;;;;;;
31-oct-14;-3.96E-05;1.78E-05;0.000122805;1.59E-06;-0.000458376;7.25E-06;-4.40E-05;1.71E-05;0.000354424;7.45E-06;4.82E-05;8.90E-06;5.47E-05;1.60E-05;-0.00024721;2.17E-06;0.000271379;6.84E-07;;;;;;;;;;;
28-nov-14;1.49E-03;8.11E-06;0.00050746;6.27E-07;0.000441107;3.95E-06;0.00135108;5.96E-06;0.000944705;3.68E-06;0.00101985;3.17E-06;0.001517498;5.29E-06;0.000363881;1.10E-06;0.000196859;7.92E-07;;;;;;;;;;;
31-Dec-14;6.76E-04;1.20E-05;0.00019837;1.19E-06;-0.000206651;6.33E-06;0.001774379;2.72E-05;0.000306407;5.09E-06;0.000262202;4.19E-06;0.000376494;6.95E-06;-2.17E-05;1.72E-06;0.00028428;9.16E-07;;;;;;;;;;;
30-janv-15;4.51E-04;2.99E-05;0.000276495;1.72E-06;0.000213277;5.50E-06;0.000866219;3.68E-05;0.000754717;1.18E-05;0.000262405;6.90E-06;7.93E-05;9.20E-06;0.000224012;1.36E-06;0.000362289;1.26E-06;;;;;;;;;;;
27-Feb-15;1.09E-03;1.76E-05;0.000224047;1.09E-06;0.000875431;3.72E-06;0.000207773;2.27E-05;0.000490847;6.97E-06;0.000373958;3.94E-06;0.000514289;7.76E-06;0.000271073;9.51E-07;-0.000101188;1.69E-06;;;;;;;;;;;
31-mars-15;6.98E-04;1.91E-05;0.000142308;1.34E-06;-4.02E-05;1.81E-06;0.000164916;2.72E-05;0.000830231;1.32E-05;0.000124943;6.92E-06;8.59E-05;8.24E-06;-0.000104917;6.57E-07;7.57E-06;1.34E-06;;;;;;;;;;;
30-Apr-15;-2.00E-04;9.86E-06;3.42E-05;6.04E-07;0.000471078;1.93E-06;-0.000416025;1.55E-05;-2.88E-05;1.19E-05;-8.95E-05;4.19E-06;0.000187443;6.44E-06;0.000131675;4.96E-07;7.70E-05;7.23E-07;;;;;;;;;;;
29-May-15;-1.50E-04;1.23E-05;2.00E-05;5.63E-07;-0.000178824;9.98E-07;9.87E-05;6.07E-06;7.46E-05;2.25E-05;-9.53E-05;4.76E-06;0.000369338;7.35E-06;9.27E-05;5.25E-07;4.58E-05;5.75E-07;;;;;;;;;;;
30-juin-15;1.85E-04;1.42E-05;-8.48E-05;7.09E-07;-0.000225047;1.12E-06;-0.000306774;8.40E-06;0.000586444;2.50E-05;-0.000465616;4.41E-06;-0.000269453;1.59E-05;-6.74E-05;5.75E-07;-0.000127955;4.04E-07;;;;;;;;;;;
31-juil-15;9.82E-04;3.20E-05;0.000314628;1.16E-06;-4.56E-05;3.02E-06;0.000113699;5.76E-06;0.000707874;2.82E-05;6.86E-05;5.67E-06;-4.27E-05;7.81E-06;-0.000173223;3.99E-06;8.25E-05;5.94E-07;;;;;;;;;;;
31-Aug-15;1.50E-03;2.77E-04;-8.47E-05;3.57E-06;-0.000394021;9.91E-06;-0.000584605;1.88E-05;-0.000718214;6.14E-05;-0.000283526;1.18E-05;-0.000377039;2.17E-05;-0.000267668;6.63E-06;-1.42E-07;1.15E-06;;;;;;;;;;;
30-sept-15;-5.69E-04;3.52E-04;-0.000285791;6.94E-06;-0.000557637;8.15E-06;-0.001051789;3.10E-05;-0.002976951;0.000100623;-0.000827881;1.81E-05;-0.000865046;3.09E-05;-0.00060802;4.44E-06;-0.000141514;1.53E-06;;;;;;;;;;;
30-oct-15;1.59E-03;1.34E-04;0.000265305;2.71E-06;0.000307997;5.41E-06;0.001115993;1.76E-05;-0.000595716;4.91E-05;0.000335796;1.07E-05;0.000512691;1.30E-05;-6.86E-05;5.05E-06;9.82E-05;5.69E-07;;;;;;;;;;;
30-nov-15;1.29E-04;4.54E-05;0.000242563;2.11E-06;0.000172066;3.46E-06;0.000515033;7.46E-06;0.000407283;2.84E-05;0.000197605;4.81E-06;0.000248397;8.73E-06;-4.59E-05;1.83E-06;-0.000108208;8.21E-07;;;;;;;;;;;
31-Dec-15;-1.77E-04;3.72E-05;0.000412028;3.85E-06;-0.000466484;4.31E-06;0.00027579;1.53E-05;0.000577077;1.87E-05;5.91E-05;9.42E-06;0.000258967;9.54E-06;-9.12E-05;1.54E-06;6.85E-05;8.12E-07;;;;;;;;;;;
29-janv-16;-6.34E-04;4.80E-05;9.61E-05;3.00E-05;-0.000370549;9.60E-06;-0.000226391;0.000135513;-0.000739934;2.53E-05;-0.000629809;1.07E-05;-0.000780735;1.77E-05;-0.000155085;6.07E-07;0.000307205;1.83E-06;;;;;;;;;;;
29-Feb-16;1.03E-03;8.83E-05;0.001381446;5.14E-05;0.000262263;5.43E-06;4.88E-05;2.51E-05;0.00023394;1.42E-05;0.000724468;1.46E-05;0.000393636;2.35E-05;0.000193192;1.15E-06;0.000333555;2.35E-06;;;;;;;;;;;
31-mars-16;1.60E-03;1.70E-05;0.00038779;1.40E-05;0.000362851;2.54E-06;0.002601414;6.37E-05;0.00060996;9.77E-06;0.000987711;5.38E-06;0.001438077;8.26E-06;0.000274205;6.55E-07;0.000378442;1.60E-06;;;;;;;;;;;
29-Apr-16;2.05E-04;9.67E-06;2.98E-05;2.06E-06;0.000243999;1.85E-06;0.000595209;8.50E-06;0.001142327;1.54E-05;7.38E-06;3.68E-06;7.44E-05;4.04E-06;0.000135572;3.40E-07;-7.88E-06;1.09E-06;;;;;;;;;;;
31-May-16;3.26E-04;1.05E-05;0.000180238;2.76E-06;0.000179494;1.55E-06;0.000519763;9.04E-06;0.000318511;1.10E-05;-0.000235384;3.61E-06;0.000245574;6.15E-06;0.000288325;1.35E-06;1.08E-05;1.25E-06;;;;;;;;;;;
30-juin-16;3.62E-04;1.22E-05;0.000321978;2.24E-06;9.27E-05;2.62E-06;0.000172974;1.53E-05;0.000308494;2.82E-05;-0.000172255;1.11E-05;0.000370396;1.37E-05;-3.52E-05;2.06E-06;0.000389427;1.26E-06;;;;;;;;;;;
29-juil-16;9.56E-04;1.79E-05;0.000269948;3.24E-06;6.46E-05;2.36E-06;0.000669165;1.58E-05;0.000610606;1.22E-05;0.000504966;1.43E-05;0.00066275;1.77E-05;0.000337282;2.92E-06;0.000169282;1.46E-06;;;;;;;;;;;
31-Aug-16;8.65E-06;3.26E-06;-0.000109641;1.38E-06;0.000175718;1.75E-06;0.00030652;3.29E-06;-8.38E-06;3.02E-06;0.00011189;2.77E-06;0.000512513;2.47E-06;2.60E-05;2.11E-07;-0.000216558;8.06E-07;;;;;;;;;;;
30-sept-16;-3.08E-04;6.11E-06;-0.000206234;2.37E-06;6.71E-05;2.57E-06;4.23E-05;5.50E-06;-0.000162986;8.00E-06;7.21E-05;3.74E-06;0.000419113;7.73E-06;-3.42E-05;2.30E-06;-3.44E-05;1.53E-06;;;;;;;;;;;
31-oct-16;1.84E-04;4.15E-06;-1.46E-05;1.40E-06;9.51E-05;1.22E-06;0.000270333;3.35E-06;-0.000640274;6.59E-06;0.000160958;2.84E-06;0.00030383;5.36E-06;-0.000171025;3.00E-06;-7.64E-05;1.58E-06;;;;;;;;;;;
30-nov-16;5.54E-04;4.98E-06;-0.000161508;2.32E-06;0.000116899;1.64E-06;0.001486176;1.31E-05;5.03E-05;5.75E-06;0.000797903;3.86E-06;0.000656752;5.90E-06;0.000634451;7.29E-06;4.42E-05;1.30E-06;;;;;;;;;;;
30-Dec-16;2.92E-04;4.06E-06;0.000191999;1.55E-06;0.000193714;2.17E-06;0.000522287;6.49E-06;-0.000110406;2.29E-06;0.000240398;2.56E-06;0.000478741;7.61E-06;0.000303417;4.41E-06;0.000169097;1.22E-06;;;;;;;;;;;
31-janv-17;3.27E-04;3.21E-06;5.82E-05;6.34E-07;-0.000477311;2.74E-05;0.000152871;6.19E-06;0.000176933;2.14E-06;0.000118599;2.44E-06;0.000550686;5.64E-06;0.000451547;3.92E-06;5.69E-05;3.53E-07;;;;;;;;;;;
28-Feb-17;5.26E-04;1.61E-06;0.00028949;8.39E-07;-0.000750279;2.79E-05;0.000436183;6.18E-06;0.000833228;5.38E-06;0.000403355;2.62E-06;0.000900342;3.58E-06;0.000286845;3.64E-06;0.000196152;5.55E-07;;;;;;;;;;;
31-mars-17;2.69E-04;9.32E-06;4.42E-05;6.29E-07;-0.000197271;2.02E-05;-0.000245158;7.25E-06;0.000569791;7.04E-06;-0.00013923;3.02E-06;0.000464476;4.66E-06;1.98E-05;3.33E-06;0.000182664;6.14E-07;;;;;;;;;;;
28-Apr-17;5.33E-04;1.87E-05;-4.31E-05;3.95E-07;-0.000499913;1.87E-05;-0.00019382;7.28E-06;-0.000171943;4.32E-06;0.00012145;2.57E-06;0.000482914;5.15E-06;0.000307075;2.39E-06;5.35E-05;2.81E-07;;;;;;;;;;;
31-May-17;1.21E-03;1.65E-05;9.66E-05;6.37E-07;-0.000139287;5.59E-07;7.10E-05;4.87E-06;0.000765825;5.58E-06;0.000506604;3.57E-06;0.001156207;6.84E-06;0.000252629;2.55E-06;9.66E-05;2.45E-07;;;;;;;;;;;
30-juin-17;1.92E-04;1.80E-05;1.61E-05;7.22E-07;9.73E-05;1.26E-06;0.00066301;3.43E-06;0.000816075;1.09E-05;0.000366543;2.24E-06;0.000219011;9.69E-06;0.000306754;3.30E-06;5.24E-05;2.90E-07;;;;;;;;;;;
31-juil-17;-3.04E-05;1.50E-05;-8.00E-05;7.87E-07;0.000263704;1.11E-06;0.000141564;2.85E-06;0.000506577;1.11E-05;-2.07E-06;2.42E-06;0.000461913;9.30E-06;3.14E-05;3.45E-06;-5.29E-05;3.09E-07;;;;;;;;;;;
31-Aug-17;5.22E-05;5.05E-06;3.79E-05;4.67E-07;-9.36E-05;9.72E-07;-0.000110913;3.84E-06;5.58E-05;1.34E-05;-0.000329847;2.54E-06;0.000211868;8.69E-06;-4.22E-05;1.79E-06;0.000212225;3.77E-07;;;;;;;;;;;
29-sept-17;3.02E-04;5.21E-06;-0.000123685;4.85E-07;0.000376754;6.27E-07;0.000347268;5.80E-06;0.000188881;5.41E-06;0.000190452;2.86E-06;0.000423858;8.21E-06;0.001916881;3.81E-05;-4.60E-05;3.92E-07;;;;;;;;;;;
31-oct-17;1.60E-04;2.92E-06;-0.000162818;3.99E-07;7.14E-05;4.53E-07;0.000586394;2.13E-06;0.000227202;3.76E-06;0.000207681;1.23E-06;0.000743958;4.51E-06;0.000900343;2.28E-05;7.74E-05;3.65E-07;;;;;;;;;;;
30-nov-17;5.92E-04;3.78E-06;0.000234893;7.32E-07;1.04E-05;8.86E-07;0.000516695;4.13E-06;0.000299736;4.29E-06;0.000156424;2.05E-06;0.000304278;9.84E-06;-0.000357127;3.33E-05;0.00014906;3.39E-07;;;;;;;;;;;
29-Dec-17;6.36E-04;3.29E-06;0.00024142;5.47E-07;0.000340991;7.78E-07;0.00073852;5.00E-06;0.000202864;5.93E-06;0.000673411;2.23E-06;-3.05E-05;1.06E-05;0.000127018;1.40E-06;-0.00017355;4.35E-07;;;;;;;;;;;
31-janv-18;1.21E-03;5.06E-06;0.000232276;4.62E-07;0.000287399;1.43E-06;0.000719227;3.39E-06;0.000993913;5.77E-06;0.002680416;6.48E-05;0.001013781;8.57E-06;0.000154626;1.81E-06;-0.000180585;2.95E-07;;;;;;;;;;;
28-Feb-18;-3.88E-04;2.33E-05;-2.92E-05;2.14E-06;-0.000221542;1.43E-06;2.79E-05;1.95E-05;2.06E-06;2.16E-05;-0.000302289;0.000176207;0.000566184;4.02E-05;-0.000187877;8.94E-06;-4.71E-05;9.42E-07;;;;;;;;;;;
30-mars-18;0.00E+00;0.00E+00;0;0;0;0;0;0;0;0;0;0;0;0;0;0;0;0;;;;;;;;;;;
30-Apr-18;-3.57E-04;2.21E-05;-7.52E-05;1.26E-06;0.000775046;4.73E-06;4.68E-05;3.19E-05;-0.000141966;1.40E-05;-0.000282516;1.10E-05;-0.000887036;3.88E-05;-0.000184776;4.57E-06;0.000133343;5.06E-07;;;;;;;;;;;
31-May-18;-1.71E-04;4.93E-06;-0.000119731;9.13E-07;0.000658591;3.87E-06;0.000534149;1.37E-05;0.00128597;1.95E-05;9.53E-05;5.39E-06;0.000167414;1.22E-05;-7.54E-05;2.52E-06;-2.50E-05;4.19E-07;;;;;;;;;;;
29-juin-18;8.97E-05;2.79E-06;0.000211596;6.19E-07;-0.000126085;3.50E-06;-0.000528497;9.37E-06;0.000724884;1.66E-05;-0.000186343;4.19E-06;0.000201334;1.51E-05;0.000251796;1.55E-06;0.000341587;4.02E-06;;;;;;;;;;;
31-juil-18;-1.83E-04;5.49E-06;-1.22E-05;3.56E-07;0.000368977;2.84E-06;-0.000148845;7.58E-06;0.000307735;6.82E-06;0.000174634;5.72E-06;-0.000520998;1.94E-05;0.000189031;1.03E-06;0.000358144;2.85E-06;;;;;;;;;;;
31-Aug-18;2.08E-04;2.17E-06;6.01E-05;4.29E-07;0.000239163;2.16E-06;0.000230293;4.21E-06;0.000640135;2.21E-05;0.000444479;3.79E-06;0.001699799;0.000100588;0.000174944;1.30E-06;0.000171219;1.19E-06;;;;;;;;;;;
28-sept-18;5.98E-04;1.54E-06;2.94E-05;3.44E-07;0.00021737;1.03E-06;5.20E-05;4.29E-06;0.001620693;2.29E-05;0.000440015;2.32E-06;0.000813714;1.12E-05;-6.13E-05;1.28E-06;-5.26E-05;4.08E-07;;;;;;;;;;;
31-oct-18;-5.50E-04;7.35E-06;-7.96E-07;2.13E-06;-0.000383565;2.17E-06;-0.000600985;8.62E-06;-0.001262501;5.56E-05;-0.000914744;1.02E-05;-0.001438761;8.32E-05;-0.000180897;6.08E-06;-3.29E-05;4.31E-06;;;;;;;;;;;
30-nov-18;9.28E-05;8.44E-06;0.000163827;1.72E-06;-0.000293342;2.15E-06;0.000100834;9.29E-06;-0.000474272;9.74E-05;0.000155611;1.23E-05;-0.000481234;6.54E-05;0.000408124;3.84E-06;0.00035637;4.49E-06;;;;;;;;;;;
31-Dec-18;-6.94E-04;1.58E-05;-0.000393415;2.78E-06;-0.000983776;3.18E-05;-0.000844278;1.39E-05;-0.000656061;0.000104036;-0.000726669;2.00E-05;-0.000812674;7.35E-05;-0.000449541;1.18E-05;-0.000266745;9.11E-06;;;;;;;;;;;
31-janv-19;8.76E-04;3.09E-05;-0.000108028;2.95E-06;0.000746257;2.65E-05;0.000762864;1.35E-05;0.000995657;9.19E-05;0.000524801;2.03E-05;0.001009659;7.51E-05;0.000466297;1.80E-05;-0.000335005;9.32E-06;;;;;;;;;;;
28-Feb-19;7.82E-04;2.32E-06;0.000197606;8.78E-07;0.000227853;1.11E-05;0.001111108;4.32E-06;0.0014838;2.20E-05;0.000972907;3.97E-06;0.005308094;0.000166249;0.00071367;1.23E-06;0.000431925;8.82E-07;;;;;;;;;;;
29-mars-19;4.00E-04;2.98E-06;0.000190274;6.35E-07;0.000183409;1.31E-05;5.20E-06;5.29E-06;0.000170157;1.30E-05;5.97E-05;2.82E-06;0.004268067;0.000136569;0.00044892;2.16E-06;0.000222629;7.07E-07;;;;;;;;;;;
30-Apr-19;4.64E-04;2.15E-06;0.000296513;4.54E-07;0.000334186;1.37E-05;0.000501523;6.46E-06;-4.84E-05;1.28E-05;0.000580865;3.76E-06;0.002186194;8.81E-05;0.000299687;4.09E-06;-3.90E-05;8.47E-07;;;;;;;;;;;
31-May-19;-3.99E-04;5.05E-06;7.13E-05;8.89E-07;-0.000526612;1.67E-05;-1.13E-05;7.44E-06;0.000178901;2.53E-05;-0.00013139;5.42E-06;0.000652;7.04E-05;-4.45E-05;5.30E-06;0.000234643;3.11E-06;;;;;;;;;;;
28-juin-19;3.30E-04;4.00E-06;2.04E-05;1.10E-06;7.37E-06;1.72E-05;0.000269848;5.48E-06;0.001222331;1.30E-05;0.000368427;5.19E-06;0.00054796;4.41E-05;0.000315646;7.83E-06;0.00016081;1.48E-06;;;;;;;;;;;
31-juil-19;2.51E-04;1.84E-06;0.000158804;6.51E-07;0.000142107;6.70E-07;0.000551034;3.94E-06;0.000553397;7.97E-06;0.0005418;2.51E-06;0.001489539;2.03E-05;0.00031224;5.51E-06;2.79E-06;8.77E-07;;;;;;;;;;;
30-Aug-19;-9.71E-06;7.35E-06;0.000104751;2.06E-06;-0.000105917;1.42E-06;-0.000243326;1.42E-05;-3.53E-05;2.02E-05;0.000100749;1.17E-05;0.000139781;8.50E-05;0.001285575;5.08E-05;0.000401806;2.90E-06;;;;;;;;;;;
30-sept-19;5.43E-04;4.68E-06;8.83E-05;8.88E-07;0.00023962;8.09E-07;0.000460385;5.78E-06;2.82E-05;7.37E-06;0.000470462;7.26E-06;0.000889697;5.40E-05;0.000613412;1.16E-05;0.000266553;1.12E-06;;;;;;;;;;;
31-oct-19;2.25E-04;4.85E-06;-8.50E-06;4.44E-07;4.13E-06;6.10E-07;0.000128404;7.13E-06;0.00069437;9.59E-06;7.54E-05;5.32E-06;0.000312564;4.25E-05;0.000168271;5.50E-06;4.18E-05;9.74E-07;;;;;;;;;;;
29-nov-19;3.93E-04;1.71E-06;0.000113892;3.68E-07;0.000103341;5.92E-07;0.000732599;1.40E-06;0.001199618;4.51E-06;0.000561767;1.59E-06;0.001444848;2.20E-05;0.000235941;2.84E-06;-4.29E-05;1.05E-06;;;;;;;;;;;
31-Dec-19;5.74E-04;2.31E-06;0.000132312;1.90E-07;9.30E-05;3.71E-07;0.000381581;2.55E-06;0.000930824;6.30E-06;0.000225092;2.07E-06;0.001163929;1.97E-05;0.000616993;6.60E-06;0.000165676;4.80E-07;;;;;;;;;;;
31-janv-20;5.91E-05;4.09E-06;9.06E-05;3.30E-07;-7.40E-05;3.05E-07;0.000226949;3.09E-06;0.000645679;8.96E-06;0.000664679;2.67E-06;0.001212866;2.76E-05;0.000476992;5.97E-06;0.000437858;7.35E-07;;;;;;;;;;;
28-Feb-20;-8.22E-04;1.13E-05;-0.00028724;1.43E-06;-0.000392696;1.18E-06;-0.000519725;1.11E-05;-0.001245365;4.25E-05;-0.000792022;1.30E-05;-0.001506971;0.000116783;-0.000717356;2.72E-05;-1.15E-05;2.68E-06;;;;;;;;;;;
31-mars-20;-1.62E-03;8.28E-05;-0.000635923;0.000233519;-0.000426348;4.34E-06;-0.001487499;0.000223418;-0.002347796;0.000611934;-0.002370522;0.000362422;-0.00394426;0.001690633;-0.002000399;0.000423224;-0.000818284;0.000203499;;;;;;;;;;;
30-Apr-20;2.18E-03;8.93E-05;0.000444954;1.12E-05;0.000574376;4.72E-06;0.001814717;0.000134886;0.003628873;0.00038763;0.002207664;0.000155547;0.005614999;0.000787729;0.003060318;0.000277361;6.10E-05;3.78E-05;;;;;;;;;;;
29-May-20;1.82E-03;7.36E-05;0.000256483;2.38E-06;0.000433174;2.94E-06;0.001147755;2.56E-05;0.002522259;0.000118132;0.00303603;8.78E-05;0.003749751;0.000258049;0.001127004;4.52E-05;-4.26E-05;6.16E-06;;;;;;;;;;;
30-juin-20;9.50E-04;2.39E-05;0.000196863;2.81E-06;8.06E-05;1.55E-06;0.000559123;2.97E-05;0.00067143;7.52E-05;0.002111414;8.04E-05;0.002211747;0.000179215;0.001380946;5.11E-05;0.000217578;4.26E-06;;;;;;;;;;;
31-juil-20;6.19E-04;8.82E-06;0.000365993;1.42E-06;-4.36E-05;6.52E-07;0.000338379;1.13E-05;0.004463328;0.000142279;0.00134466;3.00E-05;0.001880824;0.000127839;0.000472388;1.52E-05;0.000251912;2.43E-06;;;;;;;;;;;
31-Aug-20;1.62E-03;1.58E-05;0.000333738;6.92E-07;1.39E-05;2.90E-07;9.21E-05;2.81E-06;0.000271986;2.14E-05;0.00150306;1.01E-05;0.002929417;8.08E-05;0.000578828;5.55E-06;-2.42E-05;1.48E-06;;;;;;;;;;;
30-sept-20;4.48E-04;3.73E-05;-0.000108413;1.78E-06;-0.000132063;2.03E-07;-0.000182657;8.27E-06;-0.000579675;0.000137766;-7.03E-05;3.62E-05;0.00067036;0.000188607;8.21E-06;1.92E-05;-2.64E-05;1.85E-06;;;;;;;;;;;
30-oct-20;-5.34E-05;1.06E-05;-0.000139389;1.77E-06;-9.15E-05;2.23E-07;0.000437022;8.71E-06;0.001050304;9.31E-05;1.42E-05;4.88E-05;0.001810247;0.000250526;-4.56E-05;3.35E-05;0.000265041;1.80E-06;;;;;;;;;;;
30-nov-20;fail;fail;fail;fail;fail;fail;fail;fail;fail;fail;fail;fail;fail;fail;fail;fail;fail;fail;;;;;;;;;;;
31-Dec-20;fail;fail;fail;fail;fail;fail;fail;fail;fail;fail;fail;fail;fail;fail;fail;fail;fail;fail;;;;;;;;;;;
31-janv-21;fail;fail;fail;fail;fail;fail;fail;fail;fail;fail;fail;fail;fail;fail;fail;fail;fail;fail;;;;;;;;;;;
28-Feb-21;fail;fail;fail;fail;fail;fail;fail;fail;fail;fail;fail;fail;fail;fail;fail;fail;fail;fail;;;;;;;;;;;
31-mars-21;fail;fail;fail;fail;fail;fail;fail;fail;fail;fail;fail;fail;fail;fail;fail;fail;fail;fail;;;;;;;;;;;
30-Apr-21;fail;fail;fail;fail;fail;fail;fail;fail;fail;fail;fail;fail;fail;fail;fail;fail;fail;fail;;;;;;;;;;;
31-May-21;fail;fail;fail;fail;fail;fail;fail;fail;fail;fail;fail;fail;fail;fail;fail;fail;fail;fail;;;;;;;;;;;
30-juin-21;fail;fail;fail;fail;fail;fail;fail;fail;fail;fail;fail;fail;fail;fail;fail;fail;fail;fail;;;;;;;;;;;
31-juil-21;fail;fail;fail;fail;fail;fail;fail;fail;fail;fail;fail;fail;fail;fail;fail;fail;fail;fail;;;;;;;;;;;
31-Aug-21;fail;fail;fail;fail;fail;fail;fail;fail;fail;fail;fail;fail;fail;fail;fail;fail;fail;fail;;;;;;;;;;;
30-sept-21;fail;fail;fail;fail;fail;fail;fail;fail;fail;fail;fail;fail;fail;fail;fail;fail;fail;fail;;;;;;;;;;;
31-oct-21;fail;fail;fail;fail;fail;fail;fail;fail;fail;fail;fail;fail;fail;fail;fail;fail;fail;fail;;;;;;;;;;;
30-nov-21;fail;fail;fail;fail;fail;fail;fail;fail;fail;fail;fail;fail;fail;fail;fail;fail;fail;fail;;;;;;;;;;;
31-Dec-21;fail;fail;fail;fail;fail;fail;fail;fail;fail;fail;fail;fail;fail;fail;fail;fail;fail;fail;;;;;;;;;;;
31-janv-22;fail;fail;fail;fail;fail;fail;fail;fail;fail;fail;fail;fail;fail;fail;fail;fail;fail;fail;;;;;;;;;;;
